"YEAR","WEEK","ALABAMA","ALASKA","ARIZONA","ARKANSAS","CALIFORNIA","COLORADO","CONNECTICUT","DELAWARE","DISTRICT.OF.COLUMBIA","FLORIDA","GEORGIA","HAWAII","IDAHO","ILLINOIS","INDIANA","IOWA","KANSAS","KENTUCKY","LOUISIANA","MAINE","MARYLAND","MASSACHUSETTS","MICHIGAN","MINNESOTA","MISSISSIPPI","MISSOURI","MONTANA","NEBRASKA","NEVADA","NEW.HAMPSHIRE","NEW.JERSEY","NEW.MEXICO","NEW.YORK","NORTH.CAROLINA","NORTH.DAKOTA","OHIO","OKLAHOMA","OREGON","PENNSYLVANIA","RHODE.ISLAND","SOUTH.CAROLINA","SOUTH.DAKOTA","TENNESSEE","TEXAS","UTAH","VERMONT","VIRGINIA","WASHINGTON","WEST.VIRGINIA","WISCONSIN","WYOMING","PUERTO.RICO","TIME"
2006,"01",0,7,334,0,553,0,0,78,0,415,0,0,0,371,93,97,0,162,22,0,381,208,268,0,0,174,0,0,0,21,0,0,0,0,0,4,117,0,253,70,0,0,0,0,15,0,0,0,59,17,28,0,2006-01-02
2006,"02",0,5,0,190,684,35,10,72,0,437,0,0,0,568,0,0,0,244,39,0,69,265,547,0,0,322,0,10,0,19,5,0,0,1078,29,131,199,138,572,74,0,0,428,0,38,10,0,293,122,44,3,55,2006-01-09
2006,"03",0,18,279,122,1226,63,4,41,0,473,0,1,0,630,255,88,197,226,38,14,227,245,533,0,0,314,0,13,0,24,76,0,0,317,6,117,193,178,381,57,212,0,414,510,13,36,426,218,46,117,0,0,2006-01-16
2006,"04",0,56,516,139,1233,124,9,74,0,609,113,0,0,0,379,0,274,163,71,38,408,235,844,0,0,281,0,0,323,26,123,0,0,761,28,69,115,204,453,65,0,120,599,744,38,29,715,485,67,81,24,104,2006-01-23
2006,"05",381,63,327,177,1011,0,0,80,0,815,0,0,0,855,351,140,262,199,67,40,284,321,628,0,0,233,0,99,39,18,85,0,0,1743,13,70,274,183,542,67,0,0,539,0,0,18,515,436,79,121,25,0,2006-01-30
2006,"06",405,66,353,104,998,143,0,76,0,695,0,0,0,626,375,197,237,204,36,35,300,395,302,0,0,256,0,57,12,28,142,0,0,0,35,30,274,0,425,54,0,68,448,789,10,28,568,280,54,87,39,126,2006-02-06
2006,"07",0,67,71,210,1298,0,0,61,0,808,4,0,0,0,342,0,0,177,7,0,387,273,458,0,260,245,0,74,0,1,53,0,0,694,1,146,0,0,312,59,204,55,510,0,5,27,491,361,80,97,0,0,2006-02-13
2006,"08",346,83,211,143,1007,0,108,67,0,724,0,0,0,154,391,167,167,67,66,37,194,203,388,0,0,198,85,44,0,42,43,0,0,633,19,80,161,174,448,68,308,41,0,0,1,4,424,228,58,169,10,0,2006-02-20
2006,"09",397,75,538,191,1525,0,109,80,0,759,12,9,0,786,356,0,171,67,17,50,319,457,546,1,285,216,82,0,0,10,112,58,0,634,34,51,175,190,647,56,453,59,517,967,0,28,448,604,73,92,17,0,2006-02-27
2006,"10",232,41,468,175,812,0,0,90,0,664,43,0,0,701,341,1,0,212,267,46,280,314,1007,0,0,223,52,85,0,30,132,0,0,776,0,87,143,199,611,67,180,53,483,0,0,0,539,352,74,19,34,102,2006-03-06
2006,"11",619,63,100,113,1349,0,0,67,39,793,21,0,0,596,321,114,146,91,235,37,466,196,1108,0,544,181,51,0,16,5,163,0,0,579,17,33,208,243,608,51,147,62,522,0,2,0,425,374,89,141,0,100,2006-03-13
2006,"12",438,50,280,197,1214,125,0,78,25,653,8,0,0,501,269,92,164,251,288,33,396,309,1475,1,0,281,0,90,0,26,155,0,0,828,0,51,246,205,533,0,316,33,433,802,0,36,0,460,67,161,0,0,2006-03-20
2006,"13",398,77,320,130,1137,0,0,84,32,674,14,0,0,422,319,105,216,280,267,0,195,358,1206,1,0,208,10,175,0,19,150,0,0,555,0,97,195,278,626,74,1306,61,506,0,25,16,480,292,89,92,0,39,2006-03-27
2006,"14",0,41,345,0,1142,132,64,60,35,579,21,0,0,610,177,115,172,214,104,61,344,418,1024,0,0,202,35,0,0,0,0,122,0,655,0,0,203,121,480,79,541,35,483,1130,0,26,387,414,66,126,0,0,2006-04-03
2006,"15",38,71,358,169,1283,0,0,49,30,608,5,0,0,559,299,115,141,229,195,40,0,296,765,0,0,148,51,94,0,35,214,0,0,423,26,103,253,158,570,55,249,71,64,0,68,28,321,193,55,147,3,58,2006-04-10
2006,"16",177,61,392,130,1411,204,270,58,18,671,40,0,0,455,373,109,151,336,240,35,310,276,614,0,0,206,14,117,0,2,184,0,0,378,8,52,0,196,477,69,734,36,529,0,55,26,323,416,72,0,21,35,2006-04-17
2006,"17",0,56,397,155,1540,0,0,64,40,696,1,0,0,976,0,119,156,217,164,38,298,306,542,0,324,201,31,83,4,18,193,0,0,0,0,121,235,241,526,57,388,85,472,1040,5,21,507,356,72,27,10,0,2006-04-24
2006,"18",0,77,379,161,1222,0,327,68,0,745,0,0,52,0,331,0,138,163,0,0,0,274,427,0,186,0,3,70,0,40,92,0,0,1772,18,38,266,150,468,72,286,57,0,475,21,12,361,356,37,11,47,162,2006-05-01
2006,"19",151,82,561,179,979,0,273,63,23,577,18,5,0,0,114,144,226,59,239,38,228,295,480,1,382,206,0,102,79,28,59,0,0,450,8,45,355,157,386,64,266,39,435,915,0,0,382,308,30,21,16,0,2006-05-08
2006,"20",201,76,324,125,982,0,0,55,22,726,59,0,24,521,124,98,99,135,232,40,291,410,406,0,0,242,6,0,57,35,89,0,0,607,1,101,319,161,495,53,345,57,488,936,16,22,470,390,38,100,14,39,2006-05-15
2006,"21",0,61,430,99,1165,0,87,77,52,789,25,0,136,0,0,0,155,114,296,0,0,254,534,0,521,0,1,67,0,30,0,0,0,634,0,102,0,237,345,0,233,52,434,254,0,0,435,366,19,86,0,0,2006-05-22
2006,"22",0,71,152,150,1158,64,176,50,25,503,18,0,0,308,147,67,0,144,201,26,242,236,369,0,253,174,0,60,0,38,118,0,0,394,0,40,217,162,514,55,319,0,275,520,0,14,359,303,18,111,23,0,2006-05-29
2006,"23",131,91,360,110,1061,0,263,76,41,792,26,0,0,0,203,114,179,190,229,43,354,196,761,0,0,222,0,125,12,14,0,0,0,704,0,55,340,154,584,95,308,48,497,723,0,15,540,273,49,0,0,0,2006-06-05
2006,"24",110,46,490,0,0,68,0,85,55,763,43,0,2,562,196,110,170,153,115,42,288,247,664,0,0,305,99,66,0,10,0,0,0,527,3,60,249,0,481,80,259,55,361,775,1,22,0,460,21,104,0,0,2006-06-12
2006,"25",0,64,408,134,1775,0,0,58,38,729,9,0,110,443,0,105,157,203,104,50,279,220,339,0,0,284,29,0,0,24,0,0,0,735,0,45,91,149,501,66,311,44,524,854,0,0,630,265,0,170,0,0,2006-06-19
2006,"26",0,0,327,0,901,0,0,67,18,666,0,0,0,0,0,125,0,0,142,0,0,149,320,0,0,0,0,0,0,22,0,0,0,0,7,0,0,208,357,0,0,0,0,0,0,0,189,0,19,0,0,0,2006-06-26
2006,"27",100,73,165,0,1092,0,231,56,0,580,15,0,0,662,0,59,30,402,0,0,190,71,277,0,0,171,32,80,0,26,66,20,0,280,2,18,156,0,176,44,120,25,291,0,67,0,321,290,34,24,14,0,2006-07-03
2006,"28",0,51,463,231,1393,0,448,59,20,716,26,0,6,0,163,0,251,227,157,0,359,327,492,0,501,213,108,89,9,40,131,0,0,425,5,51,151,0,666,43,368,53,535,739,0,22,533,327,44,0,0,0,2006-07-10
2006,"29",230,74,234,107,1312,42,0,71,52,649,0,4,29,599,195,0,103,177,238,0,303,160,483,7,390,262,45,76,0,25,129,0,0,682,17,33,230,0,0,68,271,67,517,37,0,27,420,242,34,29,0,0,2006-07-17
2006,"30",103,0,320,207,1679,0,46,70,19,738,3,1,0,991,133,102,0,240,142,46,352,347,0,7,0,239,0,0,0,6,0,0,0,523,23,70,126,125,603,81,1079,46,519,740,74,14,367,298,0,45,0,0,2006-07-24
2006,"31",0,94,504,143,1398,0,79,88,31,754,2,0,0,488,132,109,195,126,100,60,316,239,260,0,526,274,0,103,4,0,81,84,0,565,10,561,135,0,556,33,362,0,522,953,124,10,548,348,0,45,0,0,2006-07-31
2006,"32",86,65,379,206,1622,143,124,70,0,910,13,0,0,689,348,127,192,0,235,44,356,470,316,0,765,269,0,119,135,0,0,0,0,454,14,8,200,0,598,12,208,58,527,0,80,0,507,347,30,86,0,0,2006-08-07
2006,"33",53,75,389,115,1474,0,0,57,0,784,3,0,0,548,429,93,253,106,103,52,230,345,674,6,101,260,34,158,0,0,0,0,0,683,6,14,161,250,577,63,0,46,532,1419,103,8,329,308,24,97,34,0,2006-08-14
2006,"34",0,58,451,216,1237,58,0,81,22,779,18,0,0,559,306,0,0,140,10,57,252,343,404,0,0,0,34,73,0,42,173,0,0,619,11,192,331,171,624,40,243,52,496,906,0,27,531,373,29,137,0,0,2006-08-21
2006,"35",0,49,377,170,1320,0,0,62,18,749,18,0,0,432,297,143,0,0,11,43,304,431,364,0,0,0,12,71,0,25,167,0,0,730,20,48,0,255,491,55,0,51,538,731,0,0,568,251,46,98,0,0,2006-08-28
2006,"36",50,54,104,134,842,53,29,41,9,520,27,0,0,546,260,51,157,29,5,34,266,323,322,0,228,301,15,58,125,22,135,0,0,178,11,80,177,178,463,0,140,53,346,588,0,21,353,229,0,83,24,0,2006-09-04
2006,"37",59,84,157,333,1841,62,200,92,32,780,17,0,0,541,325,140,0,237,50,42,221,276,694,0,0,321,5,134,0,18,0,0,0,543,22,6,275,141,447,0,338,52,548,1367,100,15,401,380,20,105,0,0,2006-09-11
2006,"38",38,74,232,202,1368,0,254,64,0,877,19,0,6,488,347,0,122,25,0,38,380,311,758,0,0,0,54,111,0,39,100,0,0,533,0,91,413,138,574,13,359,51,572,1008,67,14,636,202,24,79,9,0,2006-09-18
2006,"39",43,50,474,164,1368,0,106,62,20,845,19,0,3,628,275,0,0,24,99,65,292,254,615,0,518,316,0,0,376,28,94,0,0,867,39,91,348,0,627,100,505,54,17,1223,0,19,655,546,41,188,18,0,2006-09-25
2006,"40",0,57,881,181,0,62,400,63,23,840,1,0,191,647,320,0,0,4,225,51,307,543,684,0,0,332,0,71,166,51,132,0,0,1017,21,41,209,0,460,0,349,64,548,0,0,23,495,325,22,144,0,0,2006-10-02
2006,"41",16,0,427,200,1189,0,0,82,60,768,1,0,0,591,255,184,161,10,88,53,328,623,627,0,0,253,0,0,172,37,100,0,0,480,27,79,375,307,507,107,0,48,507,950,59,14,367,393,26,113,0,0,2006-10-09
2006,"42",0,59,569,176,1453,84,428,84,134,887,22,0,97,577,366,105,114,138,147,10,324,345,559,1,348,368,64,40,0,39,101,0,0,633,14,88,0,158,579,89,351,52,502,916,0,19,565,264,33,112,15,0,2006-10-16
2006,"43",90,62,723,147,1361,64,0,89,91,826,41,0,0,552,0,0,249,74,131,58,245,366,439,0,427,316,0,0,0,12,69,0,0,938,6,18,317,121,472,72,463,55,0,0,0,0,686,320,58,118,0,0,2006-10-23
2006,"44",87,0,347,227,1171,116,244,83,63,672,3,0,0,679,274,152,145,195,21,0,217,234,0,1,0,294,49,0,0,9,0,0,0,745,22,56,349,309,560,27,379,33,487,749,103,2,356,349,0,100,0,0,2006-10-30
2006,"45",23,132,347,137,1292,49,171,37,52,643,8,0,0,348,288,0,120,358,74,35,244,429,224,0,324,0,14,103,160,46,58,0,0,549,8,18,358,119,257,83,254,0,483,670,101,0,373,488,4,84,0,163,2006-11-06
2006,"46",0,0,533,135,987,100,31,64,0,878,12,1,0,0,356,187,197,0,67,50,0,494,517,0,0,248,0,81,13,71,0,0,0,381,0,42,339,90,0,25,557,0,509,0,118,20,396,394,0,73,0,0,2006-11-13
2006,"47",48,32,232,77,653,0,54,59,38,423,21,2,0,322,0,99,106,61,48,41,205,125,256,0,0,139,23,107,7,4,63,0,0,572,12,46,0,209,211,19,108,48,324,0,0,18,207,243,20,78,0,0,2006-11-20
2006,"48",91,0,216,223,1244,0,126,89,58,789,15,0,0,0,464,0,208,162,31,49,348,407,389,0,330,240,29,112,0,17,0,0,0,867,7,52,0,286,654,3,448,57,564,816,85,18,617,320,50,120,0,77,2006-11-27
2006,"49",100,103,408,153,1200,0,347,107,42,750,12,0,0,0,0,95,130,691,122,22,201,283,423,0,205,268,47,97,207,19,0,122,0,800,5,89,0,255,347,57,583,86,490,751,0,21,473,398,44,89,0,198,2006-12-04
2006,"50",51,49,317,0,1081,0,613,62,65,837,13,5,0,472,0,107,177,125,104,50,407,297,498,0,399,296,46,66,130,3,0,0,0,724,10,60,302,130,430,106,330,61,0,230,0,0,595,266,42,61,0,92,2006-12-11
2006,"51",63,0,457,0,1425,0,183,81,0,876,0,0,0,0,0,0,79,0,4,0,280,421,804,0,0,0,0,43,0,34,0,0,0,0,0,0,374,0,324,0,0,58,472,0,0,6,506,389,0,0,0,135,2006-12-18
2006,"52",0,25,436,103,0,207,0,64,0,639,5,0,0,436,0,71,0,0,0,51,314,334,857,0,294,133,0,0,0,1,0,0,0,0,6,56,0,0,343,81,330,0,255,0,0,33,0,382,14,30,0,0,2006-12-25
2007,"01",23,23,340,124,609,0,6,38,0,521,9,0,0,0,312,0,25,40,33,29,331,256,441,0,0,103,0,0,0,36,93,0,0,39,5,115,325,0,10,0,399,37,159,762,0,0,348,216,9,0,7,95,2007-01-08
2007,"02",0,18,417,189,298,299,0,68,72,581,1,0,0,822,0,0,71,48,38,0,324,306,568,0,54,160,0,0,0,43,136,0,0,428,0,4,0,0,0,0,504,45,477,0,86,0,327,426,50,76,0,0,2007-01-15
2007,"03",35,94,317,132,0,0,0,100,0,741,333,0,0,550,0,122,295,91,57,42,154,212,281,0,0,0,24,0,0,37,216,0,0,628,0,44,168,0,419,43,501,52,498,424,92,18,442,97,16,81,15,146,2007-01-22
2007,"04",119,68,467,185,1140,155,0,69,155,967,270,0,0,709,428,178,284,347,7,0,377,318,323,0,0,304,0,110,0,24,177,0,0,937,9,59,254,173,549,60,507,47,644,592,0,25,463,524,45,75,31,236,2007-01-29
2007,"05",39,80,162,115,1595,45,0,87,0,0,29,0,0,402,590,156,118,115,0,72,351,493,435,0,0,256,15,74,140,8,148,0,0,644,0,10,222,394,664,78,509,46,519,570,110,23,474,428,29,121,0,193,2007-02-05
2007,"06",66,87,59,90,1403,88,197,72,0,0,289,1,0,0,166,0,1,170,44,0,0,360,414,0,0,193,18,0,0,37,130,161,0,718,23,13,146,145,561,95,438,67,570,827,97,19,485,413,29,109,0,0,2007-02-12
2007,"07",0,84,66,100,0,98,0,70,0,0,322,0,0,0,0,170,123,116,0,49,300,326,431,0,0,219,14,36,186,31,152,0,0,264,0,43,0,196,482,62,541,55,623,857,0,18,342,108,27,133,0,0,2007-02-19
2007,"08",9,106,8,225,1029,75,299,73,85,0,0,0,26,692,0,89,170,46,93,39,285,275,406,0,0,226,0,64,0,11,113,69,0,428,24,12,215,185,494,67,453,49,444,0,89,21,401,401,22,130,0,157,2007-02-26
2007,"09",0,0,66,237,1831,24,0,74,0,0,3,4,0,430,0,81,192,51,99,33,178,397,398,1,355,375,0,0,107,11,201,0,0,681,14,31,283,160,0,68,522,49,654,698,0,4,530,412,34,118,0,228,2007-03-05
2007,"10",34,64,238,232,1338,0,198,27,0,0,0,2,0,596,0,124,174,96,126,71,0,321,367,1,232,276,39,136,188,33,254,18,0,689,19,145,393,204,570,64,545,40,720,0,60,12,523,353,31,85,29,217,2007-03-12
2007,"11",101,56,184,0,1060,0,0,111,0,0,0,0,0,690,0,221,163,81,48,0,0,315,379,0,0,196,12,0,143,8,194,0,0,993,0,62,0,156,491,77,483,36,612,909,0,0,611,451,28,0,28,196,2007-03-19
2007,"12",61,62,257,173,496,78,231,69,93,0,0,0,0,365,361,125,0,123,46,55,100,291,403,0,0,311,14,58,0,31,166,0,0,0,13,58,472,114,514,61,0,43,585,988,0,17,437,0,0,94,24,0,2007-03-26
2007,"13",0,0,201,227,1122,0,171,66,0,0,1,0,133,662,0,122,187,149,94,50,945,383,325,0,539,0,0,97,0,8,0,0,0,1207,3,121,428,332,539,42,404,51,576,949,67,10,615,209,0,89,16,210,2007-04-02
2007,"14",70,79,72,184,1183,0,207,41,92,0,0,0,23,575,0,0,0,68,60,55,509,0,309,0,0,0,3,0,174,20,0,0,0,645,33,27,129,153,483,69,609,60,492,997,0,21,503,338,0,153,6,0,2007-04-09
2007,"15",100,60,105,176,1184,0,125,73,0,0,0,1,128,401,370,140,0,295,34,41,796,376,354,0,0,0,21,0,0,31,0,0,0,547,26,18,107,150,438,45,493,51,553,728,36,28,563,158,0,136,16,128,2007-04-16
2007,"16",0,85,38,193,937,49,44,50,72,0,0,0,43,560,0,0,71,219,26,0,812,253,362,0,0,0,12,0,0,26,141,26,0,507,0,208,270,172,531,22,447,37,437,1191,78,14,542,621,30,75,0,137,2007-04-23
2007,"17",64,54,80,203,535,0,157,47,113,0,0,4,0,632,0,110,0,357,52,34,487,201,462,0,0,0,12,26,0,8,126,0,0,48,18,506,0,144,420,98,1944,61,585,1198,100,0,527,311,56,94,14,87,2007-04-30
2007,"18",22,80,23,205,1366,59,62,94,96,0,0,0,0,618,0,113,180,206,0,36,348,296,412,0,178,0,5,141,0,22,0,0,0,1033,0,439,243,191,484,79,470,41,483,1112,153,0,510,407,41,110,26,147,2007-05-07
2007,"19",0,79,45,93,1194,64,266,58,97,0,0,2,0,468,327,122,64,134,85,49,323,153,352,2,415,0,1,74,135,33,0,0,0,769,8,274,170,138,1465,68,0,52,546,1016,115,0,497,340,58,100,0,150,2007-05-14
2007,"20",51,67,34,0,1772,0,300,43,94,0,0,0,0,481,0,0,316,194,15,49,537,500,493,0,0,0,9,85,0,2,0,0,0,959,0,91,0,299,360,69,569,43,464,0,137,26,608,306,21,106,21,161,2007-05-21
2007,"21",70,72,8,171,1565,112,0,24,97,0,0,0,0,655,0,0,0,174,0,0,0,387,603,0,0,0,0,0,67,33,0,0,0,479,0,75,260,133,483,72,353,57,521,1196,0,31,432,317,14,102,11,229,2007-05-28
2007,"22",0,74,11,124,894,95,374,31,85,0,0,0,0,0,293,119,147,115,0,49,486,269,417,0,118,0,38,46,0,3,0,0,0,0,0,49,0,0,393,72,270,44,459,0,87,11,340,381,24,75,10,0,2007-06-04
2007,"23",32,63,25,0,570,0,361,115,83,842,2,1,0,422,277,0,184,244,0,47,459,338,0,0,0,311,0,114,103,28,135,0,0,1233,0,54,265,223,491,40,0,47,466,0,0,20,387,226,33,104,16,0,2007-06-11
2007,"24",0,54,36,164,1244,251,0,54,94,1024,0,0,0,0,0,0,207,194,1,0,414,200,500,0,206,296,0,106,189,25,0,0,0,0,0,112,198,152,555,50,0,0,486,811,120,11,517,613,46,165,27,108,2007-06-18
2007,"25",0,65,45,0,1182,0,168,76,0,1187,0,0,0,635,283,74,0,170,74,0,260,277,409,0,213,278,0,99,0,27,0,0,0,218,0,48,280,219,584,1,955,51,581,749,0,0,499,0,0,134,0,233,2007-06-25
2007,"26",37,81,69,0,1596,0,96,0,82,1029,1,0,0,0,0,116,170,0,313,49,370,372,260,0,220,0,0,0,0,0,0,0,0,530,6,79,197,248,380,7,0,0,0,0,0,10,530,226,31,0,18,42,2007-07-02
2007,"27",40,73,54,127,1017,71,206,65,0,1001,0,0,0,533,216,95,130,148,289,0,226,251,255,0,174,284,18,0,216,17,0,0,0,944,6,64,0,155,501,19,0,35,424,906,0,26,481,271,17,69,11,171,2007-07-09
2007,"28",0,57,45,219,1270,0,275,122,0,1413,10,0,6,0,231,207,239,82,468,35,258,304,0,0,0,287,0,0,35,16,254,0,0,211,0,45,293,181,343,86,816,63,442,0,0,17,573,118,13,226,0,124,2007-07-16
2007,"29",46,66,66,146,1435,75,0,61,0,1496,0,0,2,535,323,0,164,89,157,46,416,305,457,1,660,276,0,0,24,6,235,0,0,170,0,107,293,193,401,62,0,36,499,1048,0,18,539,124,36,277,0,0,2007-07-23
2007,"30",54,87,58,152,1851,0,244,69,106,1355,6,0,3,430,0,1,201,66,0,0,343,368,274,0,0,295,0,0,143,21,0,0,0,551,2,85,314,0,657,81,1130,77,492,1290,105,0,0,171,53,238,16,0,2007-07-30
2007,"31",37,104,51,0,845,145,214,49,146,1146,4,0,120,692,448,154,182,0,0,0,316,323,320,0,0,267,17,144,218,4,0,0,0,307,7,77,287,262,443,67,863,39,577,0,77,1,354,91,44,252,31,84,2007-08-06
2007,"32",0,86,48,173,1512,0,308,140,102,1770,9,0,0,499,391,0,158,94,366,61,574,0,331,1,0,314,0,0,144,37,157,0,0,1234,0,54,302,141,527,39,736,42,486,896,0,2,445,187,0,240,0,0,2007-08-13
2007,"33",25,68,45,289,1144,339,337,47,139,1236,0,0,0,488,373,145,126,188,278,39,415,411,0,0,506,267,0,0,155,43,191,0,0,200,0,83,415,0,439,79,777,64,513,1175,140,30,485,87,37,220,7,547,2007-08-20
2007,"34",0,86,103,256,1218,0,0,57,99,1438,5,0,0,728,336,106,222,222,133,41,369,294,0,0,350,362,0,0,0,58,238,0,0,121,0,81,419,0,582,62,797,0,499,1143,118,4,463,150,30,170,12,152,2007-08-27
2007,"35",0,72,66,0,1306,313,261,64,0,1359,0,0,0,466,354,160,150,283,198,57,429,314,325,0,0,345,0,0,0,37,0,0,0,1092,3,136,0,234,0,73,644,79,515,0,128,17,544,150,25,152,17,121,2007-09-03
2007,"36",0,52,41,0,1163,191,75,37,82,1011,13,0,0,0,300,131,171,239,109,41,387,292,305,0,144,211,0,0,0,34,166,0,0,162,0,84,252,146,448,0,250,30,472,0,83,8,360,134,25,113,22,0,2007-09-10
2007,"37",0,75,65,208,1008,239,0,54,0,1352,4,0,0,599,407,0,174,301,225,55,403,289,337,1,0,308,0,0,154,52,203,0,0,1905,4,117,311,127,576,33,901,65,586,1532,130,23,499,133,23,181,22,77,2007-09-17
2007,"38",28,85,46,231,1621,202,325,45,95,1360,2,4,0,518,407,0,237,197,129,64,369,373,340,0,0,227,0,0,12,0,146,0,0,614,0,67,236,0,444,32,447,60,721,0,0,29,624,139,17,238,14,271,2007-09-24
2007,"39",0,67,46,224,1059,0,0,85,107,1189,0,4,44,499,314,183,223,148,210,0,286,241,353,0,0,300,0,0,239,39,185,0,0,441,3,79,205,171,414,98,201,52,591,1074,0,0,533,145,18,136,0,117,2007-10-01
2007,"40",78,87,80,256,747,0,28,46,0,1318,4,10,0,831,366,0,0,150,94,57,446,424,361,1,100,370,0,0,159,38,223,0,0,72,0,77,184,305,191,0,922,46,384,916,44,19,461,115,3,133,11,0,2007-10-08
2007,"41",0,82,41,320,957,0,368,30,0,1139,1,3,67,472,227,186,0,78,157,42,278,339,360,0,351,339,0,27,0,0,215,0,0,0,18,93,267,260,166,53,639,55,418,1076,0,22,379,20,12,110,0,90,2007-10-15
2007,"42",0,0,23,328,1165,0,164,64,77,1348,10,0,0,552,257,115,182,269,149,0,414,391,274,0,0,302,0,0,0,76,0,0,0,727,0,76,0,100,472,0,553,42,551,0,101,26,474,247,2,89,0,164,2007-10-22
2007,"43",89,82,59,234,1610,0,160,63,0,1414,2,0,0,703,259,0,0,0,0,49,364,0,317,0,0,0,0,0,0,22,0,0,0,1,25,87,210,181,496,53,658,0,534,0,0,28,524,87,16,0,0,89,2007-10-29
2007,"44",54,76,61,311,1539,0,0,122,0,1261,9,0,0,0,0,120,148,242,128,45,477,0,124,0,455,321,0,0,0,52,0,0,0,296,0,69,156,239,533,78,531,42,532,1191,123,12,486,207,17,124,0,136,2007-11-05
2007,"45",62,81,47,240,0,168,280,85,81,1285,4,0,0,0,286,169,156,234,157,0,194,212,433,0,0,0,0,0,0,33,152,0,0,621,6,9,83,193,625,89,155,57,583,1392,167,0,457,108,4,100,0,104,2007-11-12
2007,"46",0,47,59,101,1274,101,201,66,0,0,1,0,51,474,0,140,0,221,182,0,0,678,261,0,0,279,0,0,0,39,0,0,0,31,0,1084,148,134,246,71,0,46,335,0,118,24,340,118,13,0,20,43,2007-11-19
2007,"47",29,41,30,95,1051,28,260,76,69,670,1,0,11,558,154,83,0,160,107,39,196,192,32,0,75,160,0,0,0,23,0,62,0,196,0,143,160,65,206,53,31,39,313,293,71,0,206,76,3,44,12,0,2007-11-26
2007,"48",64,78,58,125,1154,0,226,109,95,1263,8,0,125,1280,207,91,0,302,356,50,341,319,417,0,0,302,0,0,0,60,198,8,0,55,0,102,318,284,725,90,589,67,612,0,166,17,538,140,3,0,0,0,2007-12-03
2007,"49",49,72,53,301,1746,199,0,27,0,1414,0,0,91,513,387,0,0,258,178,66,352,566,495,0,0,0,0,0,11,34,180,0,0,78,2,67,216,304,644,53,451,66,428,0,98,24,628,96,6,130,19,618,2007-12-10
2007,"50",45,73,53,314,1397,124,0,110,117,1426,14,0,3,559,209,119,0,138,52,0,386,418,0,0,0,210,0,0,13,41,208,0,0,546,0,72,235,200,0,54,1383,55,503,0,205,14,550,96,11,136,8,284,2007-12-17
2007,"51",0,53,57,0,120,291,0,73,0,864,0,1,0,1508,0,0,0,0,0,49,372,211,518,0,0,0,0,0,0,38,0,0,0,0,0,128,0,0,400,36,0,0,0,0,0,28,0,253,0,0,0,0,2007-12-24
2007,"52",0,57,78,129,832,0,0,34,0,513,1,0,0,559,29,94,0,0,0,0,170,0,154,0,0,0,0,0,0,28,0,0,0,127,0,66,0,87,209,82,0,56,287,430,121,17,0,128,3,0,0,113,2007-12-31
2008,"01",30,13,28,118,831,91,0,36,0,664,7,0,69,1,222,41,0,0,0,0,330,251,228,0,0,134,1,0,0,16,0,70,0,588,0,51,230,134,510,53,280,37,312,846,0,6,314,56,4,90,11,0,2008-01-07
2008,"02",32,59,24,395,916,0,27,50,137,1064,17,0,0,2,259,186,0,265,192,47,369,396,409,0,160,336,0,0,0,52,0,0,0,0,1,64,235,201,435,21,399,0,529,2178,117,0,451,0,13,102,0,99,2008-01-14
2008,"03",0,64,83,2,892,0,83,93,0,1166,4,0,82,0,201,172,0,230,194,64,0,412,311,1,110,350,25,0,178,47,186,0,0,6,0,87,0,218,507,56,996,0,536,1181,173,0,261,0,10,0,0,0,2008-01-21
2008,"04",6,68,48,215,1326,0,55,69,55,821,1,0,0,9,272,132,3,201,123,0,255,467,314,0,0,0,3,99,0,61,222,0,0,1208,4,115,131,219,497,0,424,52,482,1308,108,0,199,0,11,0,0,101,2008-01-28
2008,"05",19,105,53,336,1166,0,59,57,103,916,1,9,227,0,368,0,32,173,0,0,376,440,0,0,119,0,5,0,0,44,225,0,0,324,0,105,267,219,332,61,753,78,542,0,118,0,629,0,13,289,0,69,2008-02-04
2008,"06",0,55,96,337,1010,0,161,71,0,1102,8,1,0,0,304,0,394,268,80,56,374,0,385,0,100,0,9,0,0,34,0,0,0,218,0,70,195,179,597,91,661,57,606,1295,127,0,619,0,13,193,0,0,2008-02-11
2008,"07",31,58,61,289,1143,259,0,83,105,1221,7,0,0,4,259,0,0,268,81,53,457,426,348,0,23,133,4,0,0,47,130,0,0,478,0,73,224,274,0,48,534,43,0,660,132,0,391,0,13,0,0,225,2008-02-18
2008,"08",22,88,134,326,323,0,249,88,0,1112,9,0,74,0,273,0,0,229,0,57,216,211,426,0,0,100,15,48,0,28,0,0,0,113,0,90,0,133,501,54,423,50,484,1258,96,0,217,0,17,124,0,75,2008-02-25
2008,"09",25,99,0,204,621,0,301,107,0,1293,3,7,148,1,0,164,195,233,195,54,0,499,328,0,0,341,11,0,0,37,215,0,0,4,0,33,165,223,497,84,232,52,595,0,0,0,397,0,6,146,0,113,2008-03-03
2008,"10",0,68,30,270,535,0,0,56,0,1092,0,0,0,3,0,0,136,295,0,58,328,305,285,0,0,372,18,37,0,26,231,0,0,0,0,117,276,187,449,0,38,50,554,0,48,0,710,0,10,138,0,0,2008-03-10
2008,"11",0,45,66,279,1429,340,65,60,0,1060,1,0,55,2,0,137,170,0,120,66,298,428,547,0,74,308,26,81,0,22,198,0,0,0,0,54,272,166,582,60,29,36,25,1481,17,0,1062,0,19,250,0,295,2008-03-17
2008,"12",0,62,47,292,1660,68,212,68,0,918,9,2,30,1,282,0,176,0,125,60,275,354,311,0,411,0,24,113,0,29,197,0,0,0,4,44,395,231,534,49,73,53,531,1359,137,0,0,0,18,0,0,46,2008-03-24
2008,"13",62,84,46,455,300,49,172,65,107,1005,13,0,182,1,278,123,191,1,151,59,401,371,383,7,0,0,33,11,202,35,0,0,0,0,0,125,259,244,463,43,41,65,484,1199,0,0,598,0,10,0,0,82,2008-03-31
2008,"14",26,71,40,180,1093,53,309,39,92,1046,5,0,0,0,337,120,216,222,109,42,389,224,293,0,0,385,25,28,0,1,139,0,0,0,2,44,281,258,550,65,3155,59,653,0,93,0,424,0,1,228,0,154,2008-04-07
2008,"15",23,66,63,269,1293,48,262,70,115,1046,6,3,77,3,201,136,208,292,352,35,357,323,1059,0,0,357,26,45,151,6,213,0,0,0,2,92,346,160,126,71,0,66,489,0,50,0,527,0,2,0,0,105,2008-04-14
2008,"16",24,69,16,308,1412,35,217,144,0,1021,2,0,0,0,382,0,212,262,285,0,199,383,0,8,462,287,14,54,0,5,257,58,0,178,13,85,221,129,549,55,517,53,519,0,144,0,722,0,21,135,0,219,2008-04-21
2008,"17",0,87,66,262,1320,21,0,74,0,945,8,0,0,0,225,108,234,0,257,31,375,479,954,4,0,0,0,42,22,15,295,0,0,188,0,45,206,317,125,65,458,62,568,1301,0,0,553,0,16,83,0,337,2008-04-28
2008,"18",21,106,138,225,1530,19,334,70,156,1023,1,0,130,12,0,123,89,0,285,51,379,269,906,2,0,0,0,55,399,3,143,0,0,271,0,117,313,193,546,0,780,56,530,0,126,0,823,0,11,167,0,210,2008-05-05
2008,"19",0,56,52,324,1554,11,118,44,149,1298,4,0,15,10,296,143,200,304,0,46,0,0,829,0,370,284,36,37,116,7,219,0,0,272,0,75,220,166,513,63,732,0,541,0,65,20,664,0,0,118,0,163,2008-05-12
2008,"20",54,71,69,187,1311,15,277,71,0,1176,0,4,0,14,300,157,299,231,0,0,467,242,689,4,0,152,24,71,212,18,250,0,0,413,2,134,148,143,542,40,0,50,537,0,71,11,892,0,17,103,0,190,2008-05-19
2008,"21",14,68,42,274,0,56,216,42,0,1091,2,0,129,2,0,0,218,361,387,0,464,239,876,0,0,0,29,43,163,24,152,0,0,0,0,60,196,226,622,0,430,50,423,0,0,13,631,0,9,73,0,110,2008-05-26
2008,"22",4,43,35,213,1178,39,170,55,0,910,0,0,0,4,0,0,179,202,328,0,323,335,559,4,13,329,0,96,125,7,152,0,0,138,10,68,146,155,438,20,283,44,417,0,119,36,668,0,6,168,0,147,2008-06-02
2008,"23",0,43,101,228,1771,3,195,38,0,1113,8,0,0,1,283,145,159,237,107,45,383,364,400,0,467,0,22,0,0,0,107,0,0,460,0,95,114,150,510,0,686,0,534,1217,100,35,724,0,0,152,0,148,2008-06-09
2008,"24",12,56,55,237,1211,61,192,94,89,1026,8,0,17,0,279,127,211,191,0,0,227,230,569,0,0,328,0,70,149,26,217,0,0,350,7,37,223,165,610,54,750,67,512,1093,0,18,621,0,7,272,0,0,2008-06-16
2008,"25",35,60,118,316,1639,51,0,150,68,1075,5,2,0,19,263,0,228,224,0,47,360,358,601,0,0,353,38,70,194,28,88,0,0,427,0,73,251,150,499,38,515,53,445,1278,51,19,628,0,3,115,0,207,2008-06-23
2008,"26",67,84,89,336,1172,0,303,61,0,817,7,5,0,17,298,222,195,225,0,0,0,414,419,0,0,372,31,0,128,0,252,81,0,425,17,93,209,163,421,60,0,0,476,1493,0,19,427,0,11,121,0,94,2008-06-30
2008,"27",27,54,50,190,974,37,232,58,0,966,4,1,111,0,268,0,159,232,0,39,348,244,402,0,369,208,13,19,144,1,170,0,0,163,45,0,120,207,290,0,614,44,411,0,83,20,391,0,3,0,0,116,2008-07-07
2008,"28",0,106,93,336,1276,99,270,49,0,1187,1,0,66,10,228,117,223,257,0,44,403,659,536,6,349,320,0,0,132,2,0,0,0,0,0,74,125,207,426,38,401,43,445,0,116,31,881,0,11,258,0,184,2008-07-14
2008,"29",0,67,86,316,0,60,180,102,126,1148,2,0,0,8,203,0,166,225,0,0,383,0,521,4,275,348,0,0,0,33,215,0,0,0,0,126,137,130,427,51,661,54,438,981,195,15,555,0,12,99,0,0,2008-07-21
2008,"30",0,69,102,273,1689,17,0,75,0,970,3,0,134,7,226,136,256,262,0,0,404,306,504,4,0,416,24,80,177,11,226,179,0,0,0,53,0,0,455,72,611,0,453,0,0,19,465,0,14,97,0,0,2008-07-28
2008,"31",0,75,129,260,1511,1,159,65,0,1008,0,0,41,9,286,134,226,232,0,53,428,354,529,0,0,246,35,133,125,23,181,0,0,0,15,74,120,0,671,11,426,54,779,954,0,34,717,0,0,122,0,110,2008-08-04
2008,"32",0,75,138,290,1594,60,274,40,117,1271,1,0,16,6,236,0,0,172,92,0,398,295,538,1,0,353,36,94,14,32,228,0,0,0,0,113,0,0,551,64,43,47,542,0,0,39,639,0,15,284,0,272,2008-08-11
2008,"33",45,61,39,277,1230,30,227,107,21,1213,1,0,0,2,317,0,187,256,162,53,509,510,674,2,558,303,0,99,150,34,197,0,0,0,51,33,57,0,417,56,978,0,589,0,87,14,685,0,25,85,0,209,2008-08-18
2008,"34",0,53,94,300,1482,109,269,73,6,862,0,4,3,0,109,126,146,370,0,0,328,314,691,1,425,430,0,92,80,14,255,0,0,0,0,42,157,0,493,0,0,61,0,1247,0,21,518,0,14,87,22,103,2008-08-25
2008,"35",34,81,0,324,0,0,0,60,0,1294,3,0,0,0,294,0,237,0,0,0,0,334,785,0,0,308,0,0,0,6,224,0,0,0,0,155,159,0,556,0,0,0,525,0,99,10,0,0,7,0,0,116,2008-09-01
2008,"36",0,0,150,240,1052,0,255,40,151,891,3,0,0,0,219,0,150,274,0,0,526,332,513,0,376,0,30,0,152,2,217,108,0,0,26,92,77,0,367,35,994,56,536,1130,113,15,484,208,2,72,23,0,2008-09-08
2008,"37",0,72,122,253,1485,33,140,35,87,1167,3,0,68,0,319,174,233,288,271,0,391,355,629,0,362,108,36,0,135,38,191,0,0,0,0,51,126,254,450,71,363,70,762,102,153,10,714,205,1,177,0,104,2008-09-15
2008,"38",0,63,114,281,1788,144,0,50,58,1198,3,0,85,14,337,173,0,287,0,44,399,327,762,0,0,0,43,0,0,35,227,0,0,0,25,94,23,124,501,79,687,58,707,1514,0,19,709,306,1,82,0,145,2008-09-22
2008,"39",0,58,190,266,1316,154,469,115,120,1043,5,2,76,0,400,0,213,300,415,60,298,310,562,0,542,325,0,0,0,32,226,0,0,0,0,50,14,287,644,14,753,69,56,1452,0,52,615,279,0,131,31,0,2008-09-29
2008,"40",44,0,216,319,1548,0,194,48,0,1071,7,0,20,0,280,0,235,311,268,56,230,130,569,0,269,0,0,0,0,46,0,0,0,0,0,19,0,0,618,27,511,0,415,0,104,9,0,189,0,252,17,77,2008-10-06
2008,"41",0,58,383,296,1196,40,340,51,144,1240,6,36,0,0,376,0,114,269,349,0,508,233,608,0,672,104,23,0,0,52,0,0,0,0,32,0,0,142,313,46,725,0,577,1366,80,20,742,294,2,206,0,106,2008-10-13
2008,"42",0,86,221,251,1778,58,179,113,21,1181,12,0,0,0,196,197,301,116,275,0,366,209,621,0,523,358,21,0,0,21,0,0,0,0,0,31,0,223,752,9,731,43,427,1393,253,28,488,264,3,245,0,216,2008-10-20
2008,"43",0,86,315,324,1599,68,326,125,173,1204,10,0,20,2,227,179,215,294,293,54,423,288,591,0,607,423,0,0,0,31,0,0,0,0,0,5,0,184,578,104,593,64,615,1428,120,22,522,259,6,280,18,0,2008-10-27
2008,"44",37,78,227,289,2007,62,417,99,0,1209,13,4,313,0,0,165,86,288,346,0,392,439,504,0,0,282,0,60,0,35,0,93,0,0,4,11,0,212,633,0,0,0,591,1199,0,10,619,316,0,114,45,0,2008-11-03
2008,"45",0,96,292,348,1869,0,0,58,0,1161,1,0,3,5,246,0,236,0,164,47,342,485,397,0,0,408,0,0,135,37,0,0,0,0,0,16,0,0,290,88,26,0,587,0,0,31,0,267,0,0,0,76,2008-11-10
2008,"46",0,53,308,46,1482,356,141,57,108,880,3,27,91,5,267,0,131,250,211,60,0,368,467,0,411,397,0,51,0,43,11,0,0,0,23,10,0,114,548,46,514,52,450,0,36,16,311,310,2,141,23,115,2008-11-17
2008,"47",0,79,300,304,1756,588,133,88,0,1196,8,0,243,0,273,152,317,373,0,0,0,337,567,0,0,150,0,0,0,21,0,0,0,0,0,21,0,631,565,0,0,57,517,0,0,32,0,269,0,0,15,97,2008-11-24
2008,"48",14,70,419,0,820,248,154,70,56,593,0,0,4,0,235,0,65,130,195,0,196,326,338,0,147,188,0,0,0,19,182,0,0,0,1,11,0,415,439,100,209,52,312,0,0,0,424,175,0,37,15,44,2008-12-01
2008,"49",0,47,235,340,1662,372,97,88,108,1172,1,46,88,0,430,189,219,243,211,63,0,348,582,0,917,430,5,151,188,26,193,269,0,0,0,11,0,267,491,153,722,64,615,0,109,24,621,286,1,209,0,0,2008-12-08
2008,"50",0,94,213,0,1738,0,156,106,0,1237,3,0,29,0,337,128,140,246,291,37,490,259,631,0,362,397,0,0,132,34,0,0,0,0,0,14,0,203,442,134,882,67,569,1136,0,17,0,275,14,159,11,122,2008-12-15
2008,"51",0,76,256,156,0,0,340,48,48,1237,0,2,0,0,0,180,0,266,253,0,0,520,680,0,0,0,14,109,227,0,0,0,0,0,0,227,0,0,526,73,0,0,507,0,28,0,0,0,0,0,30,81,2008-12-22
2008,"52",0,55,133,128,0,200,221,61,0,523,0,0,0,9,226,57,179,0,0,0,0,325,383,0,0,214,0,78,0,20,139,0,0,0,0,34,46,167,322,60,0,0,203,0,0,12,182,103,0,5,11,0,2008-12-29
2008,"53",0,0,0,0,0,0,0,0,0,0,0,0,0,0,0,0,0,0,0,0,0,0,0,0,0,0,0,0,0,0,0,0,0,0,0,0,0,0,0,0,0,0,0,0,0,0,0,0,0,0,0,0,2008-12-29
2009,"01",0,45,283,329,866,279,0,48,99,1135,4,5,0,37,313,0,107,374,0,56,367,225,585,0,0,0,12,0,89,32,0,194,0,0,3,0,0,0,170,29,840,55,580,0,6,27,420,284,6,40,26,53,2009-01-05
2009,"02",40,71,0,273,1377,0,0,141,0,1061,10,2,0,0,211,184,213,0,0,68,0,389,750,0,0,150,2,66,186,28,0,0,0,0,0,0,57,154,70,0,0,65,555,0,43,23,469,299,5,0,0,0,2009-01-12
2009,"03",0,103,336,321,1409,133,0,103,0,906,4,46,28,85,235,0,23,219,200,51,280,204,649,0,417,231,0,87,0,19,0,0,0,0,0,0,68,185,351,59,95,59,0,0,0,21,472,250,27,196,39,102,2009-01-19
2009,"04",48,56,365,267,1055,86,188,98,0,0,7,0,0,54,281,0,263,225,375,68,190,382,680,0,0,370,24,53,0,13,662,0,0,0,0,76,40,268,554,42,877,77,480,1850,0,0,537,0,25,48,32,252,2009-01-26
2009,"05",46,117,320,260,1644,0,400,127,170,0,7,10,0,135,309,183,162,88,366,49,0,1028,505,0,260,350,49,0,94,0,0,0,0,0,0,65,69,186,554,49,623,59,659,0,44,2,0,344,37,131,27,100,2009-02-02
2009,"06",0,93,256,0,1355,0,290,151,0,0,9,22,0,0,330,0,378,315,250,51,0,462,942,0,0,345,15,0,162,1,296,0,0,0,0,53,63,180,366,54,571,56,544,0,0,53,0,308,18,147,30,234,2009-02-09
2009,"07",0,0,322,303,1242,0,0,0,74,1264,6,68,0,95,241,0,413,255,0,41,0,216,604,0,339,390,20,21,288,3,202,0,0,0,13,30,159,294,490,46,0,56,26,1497,0,17,369,281,28,161,85,162,2009-02-16
2009,"08",0,73,38,304,1603,0,351,47,0,1309,1,44,17,34,327,125,0,0,0,48,407,402,722,0,401,407,29,64,280,6,324,0,0,0,0,40,122,199,564,99,608,57,782,0,13,0,0,239,36,229,0,63,2009-02-23
2009,"09",0,66,43,275,1733,186,293,63,0,1247,5,0,81,0,315,153,261,257,81,47,417,327,592,0,387,449,60,0,227,3,181,17,0,0,11,48,102,260,488,41,0,52,642,1199,21,20,0,234,36,247,43,180,2009-03-02
2009,"10",0,105,70,337,1261,95,253,73,0,1229,2,0,61,0,371,0,122,380,103,47,358,387,635,0,648,424,17,0,114,3,366,0,0,0,6,29,82,222,547,45,603,67,614,0,50,31,413,348,24,180,34,197,2009-03-09
2009,"11",0,74,31,375,1416,0,215,163,0,1111,0,0,100,17,130,0,232,128,196,0,377,267,941,0,0,328,5,75,124,3,364,0,0,0,7,39,104,144,107,68,717,53,552,0,0,18,0,291,12,214,14,180,2009-03-16
2009,"12",0,97,332,184,671,409,195,130,104,1173,3,0,0,391,395,0,165,0,38,57,497,549,612,0,360,401,39,85,227,5,272,0,0,0,0,67,98,217,394,40,589,54,562,0,0,21,570,284,45,0,20,174,2009-03-23
2009,"13",0,47,274,204,1353,0,223,61,0,1165,2,43,0,343,540,178,166,179,0,44,317,441,522,0,584,357,17,76,187,5,0,139,0,0,0,45,80,0,358,33,662,52,640,1314,2,22,0,0,0,164,38,134,2009-03-30
2009,"14",0,115,173,304,1272,0,90,46,0,1187,1,30,85,0,369,0,210,48,0,47,548,541,691,0,0,347,51,88,115,4,0,109,0,0,0,58,63,224,578,48,0,49,566,0,1,0,712,448,24,161,24,154,2009-04-06
2009,"15",47,60,317,365,1320,330,297,61,0,563,1,0,147,0,0,135,158,244,0,49,427,392,465,0,276,399,10,95,76,2,0,0,0,0,0,35,69,252,676,115,686,55,626,0,13,27,629,292,23,235,31,59,2009-04-13
2009,"16",0,99,386,235,1451,488,272,180,119,520,0,0,0,0,403,0,216,110,19,0,0,308,552,0,0,398,35,93,292,1,286,127,0,0,0,46,90,0,483,244,2,77,560,0,70,23,883,254,31,190,0,159,2009-04-20
2009,"17",0,86,177,229,981,0,332,77,0,0,2,17,71,0,337,151,296,135,154,48,451,305,440,0,476,316,0,33,161,1,0,0,0,0,0,49,77,298,455,0,0,59,474,0,28,12,672,0,11,209,17,141,2009-04-27
2009,"18",0,94,371,180,1080,986,275,94,143,564,1,0,76,0,333,195,198,0,0,56,0,0,644,0,358,329,8,76,107,2,308,156,0,0,0,93,10,178,639,68,491,46,473,0,1,30,615,0,31,0,61,173,2009-05-04
2009,"19",0,103,95,417,1219,0,231,64,0,486,4,0,33,0,413,130,241,166,102,55,331,192,413,0,470,0,13,23,160,4,331,131,0,0,0,69,20,251,545,31,334,75,640,0,0,22,581,270,0,152,31,0,2009-05-11
2009,"20",0,43,50,161,1148,147,176,96,0,524,4,26,29,0,0,0,126,172,133,0,0,575,464,0,487,86,14,28,171,1,0,0,0,0,0,58,0,0,321,62,672,0,579,13,0,27,0,271,2,187,33,167,2009-05-18
2009,"21",0,71,71,193,1167,250,181,104,93,424,45,61,177,468,0,0,140,159,247,29,0,270,489,0,399,175,11,27,18,4,0,0,0,0,0,19,80,223,290,0,671,40,366,0,0,16,604,199,22,36,25,166,2009-05-25
2009,"22",0,106,82,329,1310,0,274,83,99,606,6,27,16,360,337,91,0,120,205,0,377,361,520,0,0,337,21,54,65,5,365,108,0,0,7,103,0,131,456,49,0,60,632,0,1,25,542,240,28,126,31,103,2009-06-01
2009,"23",0,89,125,191,1155,367,281,52,141,523,3,0,1,562,340,123,127,200,222,45,425,286,484,0,410,334,24,97,15,4,234,123,0,0,0,28,63,256,492,26,0,59,535,0,0,17,720,264,22,0,17,124,2009-06-08
2009,"24",0,90,97,138,577,336,0,107,0,0,2,0,184,1,362,0,53,184,190,37,0,799,616,0,0,324,39,60,0,2,0,0,0,0,0,81,25,251,282,0,33,66,443,0,0,31,746,244,22,89,0,202,2009-06-15
2009,"25",0,0,78,371,1194,0,279,84,155,0,1,0,0,0,355,125,42,458,100,61,0,182,647,0,0,0,28,39,124,4,0,100,0,0,1,107,2737,172,0,12,1474,60,639,0,0,12,903,188,37,107,0,0,2009-06-22
2009,"26",0,0,37,272,1288,0,206,109,116,427,0,0,0,0,260,137,77,451,117,0,234,263,0,2,313,304,0,27,151,1,0,67,0,0,0,16,549,187,402,0,576,39,511,1168,0,24,446,208,15,84,40,334,2009-06-29
2009,"27",0,0,60,231,1358,56,170,78,0,586,1,0,0,0,290,131,532,421,148,49,494,580,552,1,497,0,33,71,192,0,0,115,0,0,12,112,0,204,553,52,536,68,582,1369,13,18,346,258,27,136,70,0,2009-07-06
2009,"28",0,0,24,213,1325,9,271,99,150,559,3,0,0,0,294,0,265,299,0,0,0,209,515,0,0,0,23,54,105,1,0,60,0,0,10,100,21,223,575,0,0,55,469,0,27,20,603,266,15,142,0,203,2009-07-13
2009,"29",0,0,74,0,1497,0,222,85,0,605,2,0,6,449,390,0,0,428,410,0,304,365,464,1,647,0,56,17,105,2,301,139,0,0,0,85,1562,0,585,101,628,59,490,1131,28,19,313,318,0,212,12,136,2009-07-20
2009,"30",0,0,53,268,1262,425,203,68,0,723,0,0,41,411,273,93,20,0,0,31,347,489,589,0,433,89,27,65,284,3,0,182,0,0,0,56,154,0,438,0,612,54,650,0,33,21,649,225,63,166,2,182,2009-07-27
2009,"31",0,0,106,328,1222,360,133,74,0,556,2,0,0,418,269,207,4,369,192,0,422,448,533,0,0,0,41,18,128,2,213,107,0,0,12,84,281,138,563,78,582,53,674,1234,33,29,812,316,34,111,40,180,2009-08-03
2009,"32",0,0,220,373,1284,0,249,91,0,622,7,0,0,439,308,0,5,443,427,75,377,549,673,0,0,0,11,41,455,3,213,120,0,0,29,32,207,279,515,56,519,0,637,0,50,0,330,349,54,121,0,112,2009-08-10
2009,"33",17,0,21,254,1239,378,208,53,0,612,6,5,175,388,360,169,28,361,337,45,0,402,593,0,636,359,34,103,144,5,298,181,0,0,0,99,255,202,467,93,556,53,729,1105,0,13,873,236,31,0,31,0,2009-08-17
2009,"34",0,0,29,319,1531,0,0,136,0,689,3,0,71,0,399,0,11,340,231,0,0,416,653,0,359,0,19,96,142,3,0,187,0,0,14,47,243,0,561,94,592,81,651,1309,0,37,630,345,44,113,0,121,2009-08-24
2009,"35",14,0,67,239,1279,0,221,91,126,580,4,0,0,446,365,129,1,437,290,34,299,386,720,0,565,288,0,0,276,1,293,163,0,0,0,62,291,115,439,0,0,0,625,0,0,46,683,23,48,0,31,0,2009-08-31
2009,"36",0,0,22,7,1213,189,169,93,138,473,3,0,64,0,279,187,9,134,261,61,119,362,566,0,490,318,0,63,126,0,260,50,0,0,0,41,16,375,377,69,0,0,536,0,0,0,446,166,0,107,0,0,2009-09-07
2009,"37",0,0,85,402,1478,356,224,86,0,569,9,0,0,1,328,0,0,28,183,0,396,302,878,0,0,346,22,38,175,0,0,101,0,0,7,53,402,0,334,93,580,63,635,1443,38,28,572,273,61,0,0,0,2009-09-14
2009,"38",1,0,75,394,1195,0,304,106,0,588,0,0,55,435,340,0,7,287,0,43,390,215,690,0,472,301,30,40,260,3,247,116,0,0,0,58,236,137,553,60,599,0,648,1082,29,0,670,347,59,163,0,169,2009-09-21
2009,"39",30,0,309,327,1668,0,240,82,0,623,1,0,132,495,439,180,26,133,168,34,0,551,411,0,0,258,32,143,142,0,265,191,0,0,22,68,292,391,449,70,554,1,478,1427,26,28,665,279,73,161,0,0,2009-09-28
2009,"40",0,0,172,161,1235,0,264,64,120,542,3,5,0,0,320,0,48,0,488,0,139,256,463,0,503,291,0,0,100,1,364,125,0,0,0,52,198,168,508,72,419,0,595,0,25,64,552,299,0,134,0,83,2009-10-05
2009,"41",0,0,42,373,894,0,188,145,0,553,0,0,0,0,200,90,19,0,272,63,284,163,561,0,0,0,8,60,192,0,279,160,0,0,4,58,157,0,467,64,628,0,696,50,1,30,573,276,53,0,59,172,2009-10-12
2009,"42",64,0,162,0,588,521,214,71,69,527,2,0,71,1,199,130,6,330,289,0,162,407,471,0,0,430,23,33,0,2,325,139,0,0,0,36,198,302,529,0,615,0,592,0,0,13,651,0,29,0,56,115,2009-10-19
2009,"43",96,0,58,0,1584,0,226,105,0,664,3,0,155,303,191,0,2,471,149,0,316,192,369,1,294,0,0,65,99,0,0,111,0,0,0,41,225,389,652,102,474,0,485,0,22,29,767,266,115,0,35,246,2009-10-26
2009,"44",31,0,0,270,1421,25,212,97,0,604,14,0,89,0,0,151,4,582,0,36,322,441,509,0,577,0,0,64,39,3,73,190,0,0,4,16,190,230,548,60,0,0,556,0,6,31,602,220,13,181,62,59,2009-11-02
2009,"45",0,0,108,178,1310,0,226,68,0,462,0,0,0,0,160,0,2,642,71,57,427,680,688,0,0,129,38,20,46,2,326,0,0,0,0,29,30,148,437,71,447,0,502,0,0,16,584,256,63,231,0,185,2009-11-09
2009,"46",51,0,211,1,0,0,250,94,137,592,1,0,7,0,0,146,13,0,52,0,441,480,588,0,0,0,0,41,173,0,0,84,0,0,0,56,345,270,483,58,0,0,655,2,9,33,650,288,0,0,0,0,2009-11-16
2009,"47",30,0,168,140,959,0,145,72,0,265,0,0,76,0,0,0,2,0,145,34,0,370,353,0,268,214,0,51,113,1,161,117,0,0,0,0,48,182,293,41,344,0,383,0,18,17,428,174,45,84,0,0,2009-11-23
2009,"48",0,0,548,357,0,287,116,89,0,710,0,1,0,357,194,0,4,0,303,0,334,386,834,0,543,394,38,0,198,2,356,105,0,0,0,0,310,292,551,51,641,0,610,1376,23,0,692,0,80,220,50,70,2009-11-30
2009,"49",26,0,127,1,1808,0,253,93,65,585,1,0,87,527,315,96,0,449,581,46,877,490,553,0,296,291,39,63,311,3,0,199,0,0,0,52,229,158,541,44,518,0,423,0,26,12,672,298,39,238,12,260,2009-12-07
2009,"50",15,0,86,312,1068,332,354,72,0,547,4,0,0,4,0,165,1,543,440,59,486,423,533,0,0,0,0,64,0,3,0,0,0,0,0,37,219,0,494,70,0,0,694,0,15,30,532,234,0,208,26,0,2009-12-14
2009,"51",0,0,0,0,702,0,161,67,0,375,4,0,0,1,0,0,1,0,0,0,100,208,0,0,282,253,0,0,110,0,0,107,0,0,0,24,0,214,485,59,0,0,375,47,12,0,167,147,18,0,0,0,2009-12-21
2009,"52",4,0,230,0,841,0,187,122,43,403,3,0,0,0,190,142,1,0,0,0,188,535,276,0,0,144,0,0,0,3,1,0,0,0,0,14,47,468,450,48,317,0,299,0,23,24,293,207,25,25,0,60,2009-12-28
2010,"01",9,0,174,224,228,0,2,65,0,557,0,0,33,2,140,0,6,0,0,0,262,340,543,0,0,171,22,39,4,1,190,42,0,0,3,55,1306,0,390,0,488,0,478,0,7,13,907,0,26,65,0,75,2010-01-04
2010,"02",2,0,0,309,74,0,35,91,63,554,2,0,0,0,205,4,22,0,73,0,259,434,924,0,0,126,36,92,121,1,0,0,0,0,0,86,44,0,509,43,623,0,589,0,38,26,583,276,33,0,0,93,2010-01-11
2010,"03",13,0,128,0,961,0,42,88,0,434,1,0,11,22,275,10,6,0,40,58,275,267,537,0,520,201,0,90,161,0,248,0,0,0,7,70,341,189,517,73,446,0,450,0,24,23,444,253,48,215,0,92,2010-01-18
2010,"04",24,0,121,245,1109,0,0,87,176,561,5,0,55,0,0,11,12,171,365,52,444,416,767,0,0,373,25,104,272,0,255,0,0,0,0,151,14,249,526,62,556,0,557,0,0,29,588,301,84,213,0,0,2010-01-25
2010,"05",0,0,56,331,564,0,0,71,90,625,13,0,0,0,0,6,24,0,227,0,0,444,873,3,0,433,30,75,83,1,270,221,0,0,0,93,388,306,651,0,587,0,474,78,17,0,254,286,58,182,0,170,2010-02-01
2010,"06",0,0,0,183,894,0,0,49,41,650,0,0,0,0,0,6,32,161,0,0,101,147,1085,0,336,0,10,0,108,0,143,0,0,0,0,79,0,0,405,57,603,0,632,0,13,23,613,307,20,221,0,0,2010-02-08
2010,"07",8,0,244,302,1172,145,0,57,52,571,0,0,0,0,0,2,18,206,12,43,164,671,1217,0,0,146,30,0,123,2,444,163,0,0,0,80,228,153,447,71,420,0,526,0,20,28,507,222,21,194,16,49,2010-02-15
2010,"08",34,0,67,326,1391,0,150,117,0,548,0,0,36,0,0,16,27,418,1,51,457,343,504,0,0,355,22,0,175,4,546,0,0,0,0,99,221,0,406,0,669,0,605,0,0,25,723,0,16,197,11,271,2010-02-22
2010,"09",0,0,137,314,1556,255,0,97,0,598,2,0,0,0,0,8,0,325,0,0,501,537,682,0,618,387,0,60,151,1,316,0,0,0,0,113,206,0,518,53,0,0,539,0,9,33,519,280,67,0,0,120,2010-03-01
2010,"10",5,0,191,375,1400,368,0,87,0,605,13,0,0,0,0,45,14,384,0,51,384,422,632,0,490,351,32,45,142,0,351,125,0,0,44,111,228,0,465,53,687,0,652,0,11,0,599,292,54,0,14,80,2010-03-08
2010,"11",3,0,0,261,1234,141,0,105,156,565,2,0,0,0,0,10,35,318,0,0,0,243,809,0,573,324,23,115,156,0,253,0,0,0,3,97,311,0,612,81,525,0,678,0,7,31,517,283,89,0,0,172,2010-03-15
2010,"12",8,0,213,0,1260,318,0,85,93,578,0,0,14,0,0,18,19,614,0,62,0,0,742,0,318,337,34,56,139,0,237,0,0,0,0,112,41,0,501,48,585,0,445,0,42,30,678,289,58,0,10,0,2010-03-22
2010,"13",0,0,131,369,1493,178,0,36,120,586,2,0,75,0,0,12,5,0,0,39,0,358,480,0,278,0,21,0,221,2,270,0,0,0,0,117,374,0,358,47,518,0,0,0,0,18,413,331,65,0,0,198,2010-03-29
2010,"14",34,0,262,282,1313,277,0,123,0,531,47,0,0,0,0,0,0,0,0,0,293,411,684,0,0,426,15,36,127,2,348,199,0,0,12,130,213,0,477,28,616,0,0,0,50,15,550,0,53,0,4,75,2010-04-05
2010,"15",3,0,454,296,1689,0,0,100,88,541,12,0,0,0,76,23,0,353,0,0,396,465,683,0,0,362,37,45,248,0,342,136,0,0,0,109,196,0,561,99,636,0,382,0,70,23,672,323,70,0,0,135,2010-04-12
2010,"16",0,0,219,217,1645,285,0,91,62,587,7,0,67,0,0,8,12,351,0,32,429,435,0,0,0,0,0,0,306,0,337,240,0,0,0,127,269,0,568,115,643,0,422,0,89,20,685,282,56,0,6,93,2010-04-19
2010,"17",0,0,297,397,1194,0,0,62,0,572,0,0,28,0,0,17,13,379,0,58,0,377,698,0,0,0,0,49,130,1,0,166,0,0,0,104,205,0,522,92,553,0,475,0,0,22,599,331,67,0,11,0,2010-04-26
2010,"18",0,0,151,304,1399,0,317,84,0,566,6,0,0,0,0,19,0,0,0,0,0,272,692,0,0,99,19,0,216,3,511,0,0,0,0,246,223,0,523,71,0,0,0,0,0,16,518,638,0,0,18,90,2010-05-03
2010,"19",0,0,156,314,1258,247,112,94,0,715,1,0,18,0,0,15,15,0,0,57,322,579,603,1,0,0,33,0,210,13,445,0,0,0,0,120,273,0,530,72,516,0,0,0,0,0,749,250,76,0,11,83,2010-05-10
2010,"20",398,0,141,322,1404,0,238,68,0,630,9,0,108,0,0,11,0,0,0,37,0,510,729,0,0,0,13,49,158,94,427,0,0,0,0,136,263,0,580,67,628,0,581,0,76,26,606,247,69,0,15,0,2010-05-17
2010,"21",0,0,201,296,1251,0,148,75,148,658,2,0,0,0,0,6,0,0,0,0,0,408,586,0,0,0,13,0,160,66,278,0,0,0,0,0,255,0,606,87,584,0,518,1,45,36,385,0,49,0,0,0,2010-05-24
2010,"22",0,0,53,254,1174,288,138,94,56,453,16,0,0,0,0,2,44,196,0,35,376,319,458,2,0,103,28,39,114,47,317,0,0,0,32,71,199,0,399,57,538,0,387,0,40,27,575,204,68,0,22,92,2010-05-31
2010,"23",450,0,94,228,1444,0,350,37,104,664,0,0,37,0,0,26,52,351,0,50,466,607,517,0,238,210,21,0,218,55,483,0,0,0,42,122,0,0,423,0,727,0,474,1535,48,19,805,264,0,5,10,0,2010-06-07
2010,"24",486,0,78,288,2027,355,0,156,0,666,0,0,99,0,0,47,24,0,0,56,649,411,762,0,786,139,25,0,131,48,351,84,0,0,0,1,176,0,531,71,476,0,554,0,86,15,514,266,58,266,1,147,2010-06-14
2010,"25",431,0,90,0,1497,314,0,35,0,719,2,0,192,0,0,10,0,362,0,42,370,388,604,2,385,177,53,0,170,38,304,212,0,0,0,105,256,0,429,66,752,0,504,0,0,51,715,268,49,287,6,0,2010-06-21
2010,"26",0,0,0,304,712,318,0,115,0,557,5,0,0,0,0,15,0,467,0,39,564,445,596,0,367,169,22,0,133,57,380,0,0,0,41,136,226,0,560,81,679,0,462,0,39,18,526,248,61,178,0,0,2010-06-28
2010,"27",253,0,381,154,645,356,0,50,0,484,1,0,53,0,60,3,0,277,0,46,326,275,446,0,460,130,13,85,0,4,356,174,0,0,3,134,141,0,398,48,437,0,339,0,0,19,525,219,0,215,0,76,2010-07-05
2010,"28",490,0,75,355,1644,216,0,68,0,587,0,0,0,17,0,20,2,273,0,57,541,367,419,1,359,209,32,63,144,39,374,0,0,0,0,97,227,0,478,0,762,0,459,24,0,32,636,250,53,0,6,0,2010-07-12
2010,"29",438,0,88,356,1560,0,271,84,0,758,3,0,109,22,0,5,2,0,0,40,524,483,663,0,0,211,0,0,156,0,385,155,0,0,24,89,251,0,564,0,565,11,0,1494,42,51,594,274,97,221,7,0,2010-07-19
2010,"30",443,0,122,324,1698,297,0,79,0,698,0,0,1,19,0,24,6,299,0,61,0,407,668,0,362,0,47,0,0,47,387,105,0,0,6,103,20,0,546,40,529,18,219,0,68,13,783,274,45,259,9,0,2010-07-26
2010,"31",405,0,193,300,1483,0,0,98,81,657,1,0,0,0,0,10,0,302,0,45,0,476,686,0,448,163,7,0,161,34,201,140,0,535,0,137,1346,0,508,32,414,10,186,0,0,5,743,0,78,259,24,204,2010-08-02
2010,"32",426,0,158,286,1445,0,0,54,86,692,0,0,44,27,0,8,0,356,0,0,0,445,694,0,385,0,29,0,153,62,322,168,0,373,0,271,189,0,544,70,714,17,242,1519,0,33,726,243,72,289,5,103,2010-08-09
2010,"33",441,0,0,362,1637,110,225,73,105,650,0,0,41,15,0,6,15,258,0,54,549,459,536,0,0,188,0,30,219,42,438,0,0,319,0,121,0,0,553,20,608,11,256,715,0,37,165,319,0,0,0,122,2010-08-16
2010,"34",0,0,87,313,2012,94,0,72,0,634,0,1,0,15,0,16,32,242,0,50,0,416,678,0,0,201,21,0,157,54,412,0,0,759,0,159,441,0,642,46,541,14,274,949,23,8,882,312,100,254,11,0,2010-08-23
2010,"35",518,0,0,0,1429,0,276,83,0,704,317,0,0,18,0,8,19,264,0,0,0,339,638,0,433,161,42,66,0,52,449,194,0,0,0,144,0,0,592,0,560,6,0,1092,11,20,684,0,53,168,0,85,2010-08-30
2010,"36",233,0,175,297,1158,9,0,76,94,709,376,0,4,11,0,4,17,0,0,67,64,352,431,0,0,181,0,123,0,60,0,163,0,688,0,82,221,0,499,95,515,17,165,1151,8,7,603,290,91,164,16,56,2010-09-06
2010,"37",627,0,181,365,1814,0,0,220,0,683,0,0,0,10,0,7,10,262,0,43,0,416,464,0,0,187,39,93,149,25,452,0,0,718,61,153,93,0,423,0,732,13,255,0,0,36,594,0,76,130,24,90,2010-09-13
2010,"38",445,0,135,379,1739,0,318,83,75,600,0,0,151,28,0,5,28,234,0,66,0,696,527,0,395,255,45,61,148,42,489,221,0,699,0,140,448,0,689,103,653,19,273,0,0,28,714,307,78,128,0,195,2010-09-20
2010,"39",0,0,676,392,1507,251,0,85,0,686,0,0,81,0,0,7,7,245,345,61,0,422,577,0,406,0,48,73,0,48,491,191,0,620,0,178,66,72,518,71,606,15,179,1066,0,44,832,303,58,70,13,118,2010-09-27
2010,"40",314,0,208,324,1969,193,0,107,0,705,0,0,31,17,0,8,14,133,390,40,386,456,617,2,254,202,0,26,107,53,352,0,0,114,0,130,438,0,518,49,352,1,250,1278,9,14,547,414,0,109,3,0,2010-10-04
2010,"41",541,0,332,279,1332,170,0,86,95,653,272,0,0,16,0,9,15,228,389,20,436,384,601,0,385,175,12,0,0,50,431,173,0,579,0,129,257,139,548,22,824,13,249,0,34,30,377,315,72,103,12,92,2010-10-11
2010,"42",0,0,300,328,1519,211,320,68,0,660,346,0,109,23,0,8,26,204,682,0,0,411,492,0,458,282,16,143,135,44,445,116,0,548,0,165,223,127,541,58,742,21,282,73,65,23,695,270,93,135,7,72,2010-10-18
2010,"43",580,0,320,322,1857,0,403,126,0,577,231,0,68,22,0,13,7,194,466,0,420,296,0,0,321,0,0,110,0,62,349,0,0,755,0,146,224,216,669,0,746,17,297,0,76,38,688,262,88,0,1,0,2010-10-25
2010,"44",191,0,265,268,1915,207,313,69,0,560,0,0,49,0,0,12,19,266,305,0,0,0,379,0,0,0,0,85,0,51,0,241,0,0,0,134,288,0,534,42,0,17,323,0,0,17,663,255,72,132,0,254,2010-11-01
2010,"45",0,0,162,272,1340,115,161,70,0,428,246,0,0,18,0,0,19,188,371,0,207,699,478,0,0,198,44,0,0,27,377,0,0,611,5,130,73,187,594,0,534,17,0,954,0,21,433,280,105,14,5,86,2010-11-08
2010,"46",0,17,312,170,1982,0,0,73,60,576,246,0,0,0,0,0,46,0,0,0,345,445,594,0,0,396,0,0,22,40,0,219,0,0,0,154,421,156,636,62,0,0,219,0,20,0,601,334,0,137,30,104,2010-11-15
2010,"47",371,0,89,292,784,174,145,102,0,270,192,0,0,6,0,3,13,117,0,0,0,0,357,0,623,0,0,0,98,36,235,106,0,149,0,107,239,179,483,56,265,7,150,0,15,46,209,153,74,43,1,64,2010-11-22
2010,"48",0,0,321,286,1397,185,122,99,0,700,221,1,82,11,0,15,28,337,210,0,677,408,460,0,0,116,0,0,159,60,519,184,0,686,9,143,0,282,550,118,590,21,100,851,0,23,721,294,68,107,0,0,2010-11-29
2010,"49",359,0,342,331,1060,236,193,86,0,614,324,0,146,25,0,11,26,1,429,0,0,445,710,0,463,0,44,84,199,37,367,126,0,342,25,156,316,342,625,87,554,18,162,1044,34,14,883,661,68,114,21,0,2010-12-06
2010,"50",0,41,326,272,1273,75,0,91,0,707,418,0,135,23,0,8,26,169,428,0,290,448,539,0,0,377,29,88,0,68,0,0,0,676,0,134,103,193,707,19,846,0,0,0,0,39,663,302,0,126,28,0,2010-12-13
2010,"51",0,0,133,216,815,115,0,122,0,433,171,0,0,0,0,14,27,121,0,0,335,609,524,0,355,91,40,58,0,49,0,0,0,662,0,88,38,0,487,0,0,0,0,0,0,12,421,274,45,84,14,0,2010-12-20
2010,"52",124,0,0,223,810,148,210,71,49,346,281,0,0,0,0,8,5,72,5,0,461,0,190,0,0,204,0,77,0,38,189,0,0,767,0,73,618,291,456,0,200,5,0,681,0,24,187,222,35,0,0,0,2010-12-27
2011,"01",0,0,87,336,1426,185,0,83,76,633,0,0,0,20,0,15,53,0,378,0,319,432,575,0,230,112,0,56,0,1,331,122,0,1210,0,247,1,136,448,47,0,27,0,0,72,30,857,297,122,139,0,116,2011-01-03
2011,"02",426,0,301,233,846,0,0,50,0,620,0,0,0,18,0,10,0,54,642,0,405,485,940,0,0,127,23,0,171,36,343,182,0,466,0,169,296,169,832,0,334,12,0,0,0,26,704,322,76,177,0,0,2011-01-10
2011,"03",285,0,234,226,878,0,0,64,0,631,0,0,0,18,0,13,7,99,417,0,0,389,599,0,233,109,22,19,143,32,352,0,0,519,0,152,253,83,538,43,492,19,0,1202,0,30,819,290,67,142,0,0,2011-01-17
2011,"04",513,0,434,381,1421,184,0,65,46,662,482,0,0,45,0,18,0,268,324,0,0,360,656,0,414,114,43,44,179,72,609,96,0,466,0,160,59,142,567,108,743,28,0,0,53,20,706,305,94,141,0,0,2011-01-24
2011,"05",457,0,343,200,1518,555,19,89,0,804,614,0,103,6,0,3,7,434,131,0,483,333,435,0,393,100,52,77,134,0,419,139,0,0,0,260,10,107,558,135,0,21,320,0,46,0,838,312,61,91,0,83,2011-01-31
2011,"06",398,0,305,0,1319,0,0,105,0,704,472,0,0,18,0,18,24,243,298,0,0,470,765,0,379,145,53,85,0,59,476,390,0,902,0,223,590,124,537,143,606,25,260,955,0,23,971,388,92,70,0,87,2011-02-07
2011,"07",0,0,168,361,1534,478,10,60,0,668,597,0,44,27,0,24,0,208,334,0,0,496,552,0,413,0,0,17,0,43,0,142,0,1063,0,156,297,138,598,94,641,21,217,1608,0,81,749,0,0,137,0,172,2011-02-14
2011,"08",0,0,166,261,1533,0,31,89,26,624,456,0,0,18,0,0,26,154,162,0,260,254,0,0,0,0,74,77,0,42,524,0,0,765,0,147,206,111,526,154,478,14,262,0,23,21,609,314,96,169,16,95,2011-02-21
2011,"09",0,0,167,436,3140,375,168,128,0,643,83,0,35,36,0,7,27,266,179,0,277,287,699,0,0,133,0,120,282,48,506,0,0,657,4,146,0,197,810,111,701,10,283,0,46,33,379,286,49,149,0,76,2011-02-28
2011,"10",0,0,0,439,3103,641,474,117,35,573,280,0,69,22,0,18,41,0,257,52,0,890,600,0,612,136,0,96,0,40,479,0,0,1099,0,130,0,190,656,121,0,19,241,1230,54,14,815,299,118,193,15,112,2011-03-07
2011,"11",0,35,124,384,2335,0,369,70,131,631,0,0,32,27,0,14,64,302,0,0,258,456,525,0,503,145,24,0,178,34,479,77,0,839,0,167,212,0,579,51,461,2,311,0,22,0,809,322,72,0,5,0,2011-03-14
2011,"12",0,0,148,309,2502,0,413,88,0,691,770,0,85,23,0,9,12,381,458,0,0,559,625,0,0,0,59,125,0,26,381,103,0,588,0,183,0,302,831,95,522,17,260,1065,0,27,654,330,83,172,14,123,2011-03-21
2011,"13",0,0,134,0,2024,322,0,110,81,678,561,1,102,21,0,13,22,304,0,0,485,391,599,0,391,0,62,50,182,56,0,0,0,285,0,170,0,189,648,49,477,0,285,0,52,30,767,0,91,94,5,136,2011-03-28
2011,"14",0,0,175,389,2008,0,185,115,96,643,429,0,54,24,0,16,1,207,185,0,0,579,501,0,401,38,0,56,187,22,401,107,0,0,6,198,231,280,752,57,752,0,345,0,0,34,604,303,54,123,8,150,2011-04-04
2011,"15",0,0,106,302,1376,565,0,125,66,612,463,0,6,0,0,7,2,413,456,0,182,466,467,0,400,374,17,97,196,39,36,72,0,644,0,158,237,283,783,82,593,0,294,1574,13,39,563,291,0,0,3,114,2011-04-11
2011,"16",0,0,88,368,1645,711,0,63,94,624,0,0,0,14,0,7,1,559,729,0,316,415,461,0,592,458,41,32,144,38,285,130,0,0,0,149,228,195,618,0,392,0,153,0,37,26,646,273,65,113,7,22,2011-04-18
2011,"17",395,0,114,346,1625,0,274,69,92,648,553,0,1,15,0,21,13,441,538,0,458,439,550,0,0,319,76,0,199,37,228,166,0,0,0,150,205,179,634,92,947,20,270,1891,49,24,515,281,62,133,24,0,2011-04-25
2011,"18",0,0,66,256,1877,507,0,60,92,730,0,0,0,0,0,28,30,339,255,0,0,357,572,0,0,0,31,0,0,35,171,86,0,823,0,163,206,188,697,66,492,13,343,0,0,22,568,243,59,178,10,0,2011-05-02
2011,"19",192,0,121,328,1257,469,191,122,63,758,432,0,0,0,253,21,0,483,200,0,399,0,526,0,422,306,0,0,187,3,251,159,0,734,0,167,251,258,737,51,443,23,324,1512,0,30,684,321,70,162,0,0,2011-05-09
2011,"20",344,0,153,322,1282,413,0,63,105,737,678,0,0,0,151,16,25,478,747,0,486,558,592,0,308,426,0,0,152,59,183,0,0,1446,0,211,313,260,535,0,735,0,253,1377,0,26,669,308,59,172,4,119,2011-05-16
2011,"21",0,0,122,302,929,392,0,62,0,668,390,0,0,0,142,10,26,428,540,0,0,350,448,0,0,133,55,0,0,35,367,60,0,919,0,149,61,0,880,0,715,5,290,1802,37,28,648,311,0,143,17,118,2011-05-23
2011,"22",0,0,118,242,973,287,0,74,0,510,402,1,0,0,139,7,1,256,344,0,300,339,369,0,0,340,46,46,189,7,0,139,0,413,0,125,366,0,477,0,508,7,224,1383,0,39,448,235,97,88,0,58,2011-05-30
2011,"23",586,0,153,0,1336,244,275,85,0,737,705,0,0,22,232,5,26,488,428,0,122,357,673,0,506,367,49,118,149,34,68,62,0,615,1,137,77,294,606,39,715,14,272,0,25,0,710,286,65,160,15,127,2011-06-06
2011,"24",0,0,115,275,1309,382,0,108,0,685,317,0,0,33,258,14,0,274,448,0,0,342,518,0,558,394,0,78,219,36,69,56,0,715,0,0,249,276,604,78,622,21,256,0,51,25,584,331,0,157,0,0,2011-06-13
2011,"25",0,0,128,323,1446,247,0,46,0,772,905,0,0,30,222,19,20,366,410,0,420,249,603,0,185,422,71,64,0,10,76,181,0,864,0,0,0,261,690,78,392,19,258,0,35,0,449,280,57,127,0,164,2011-06-20
2011,"26",0,0,206,403,724,269,152,90,67,700,946,0,0,0,282,11,0,283,0,0,0,527,365,0,595,316,0,0,188,34,77,63,0,0,0,0,0,257,632,104,493,9,324,0,33,27,240,274,75,138,0,0,2011-06-27
2011,"27",412,0,138,250,590,168,159,51,0,498,710,0,0,5,221,3,12,297,96,0,242,210,482,0,0,0,0,32,141,20,21,149,0,668,0,0,0,147,532,0,484,0,192,0,45,8,795,181,77,66,0,68,2011-07-04
2011,"28",0,0,111,0,1388,210,0,69,0,657,611,0,0,15,206,17,11,207,0,65,421,571,468,0,568,0,45,74,178,48,58,48,0,980,0,306,0,229,646,75,0,19,219,0,0,35,682,0,55,127,2,82,2011-07-11
2011,"29",0,0,2,341,573,0,248,87,91,732,881,0,0,19,238,23,20,234,139,0,468,431,508,0,6,54,44,0,186,10,111,64,0,628,0,233,48,254,772,104,523,0,235,0,37,41,679,339,81,108,23,0,2011-07-18
2011,"30",0,0,108,347,423,360,0,45,0,675,889,0,1,20,270,12,6,276,0,0,351,362,538,0,568,446,57,52,230,13,121,111,0,0,0,176,103,277,613,0,438,27,308,0,53,0,619,313,97,186,0,0,2011-07-25
2011,"31",0,0,158,333,331,383,241,103,0,682,899,0,0,0,218,22,0,248,0,0,427,440,504,0,0,442,51,130,236,7,65,64,0,684,0,173,443,245,796,0,594,26,270,24,70,36,663,328,71,0,0,1,2011-08-01
2011,"32",540,0,190,305,313,0,0,81,0,714,726,0,0,0,214,34,21,273,0,0,0,440,584,0,594,0,0,67,202,27,162,53,0,851,0,180,57,243,619,0,387,21,251,1935,0,37,524,293,83,0,27,115,2011-08-08
2011,"33",312,0,315,325,448,226,251,59,0,654,698,0,0,27,231,9,20,335,0,0,0,455,610,0,0,486,74,48,0,4,141,0,0,531,7,207,668,189,939,31,465,28,310,1582,52,25,348,283,0,168,0,0,2011-08-15
2011,"34",0,0,211,320,650,591,0,74,0,684,727,0,28,34,309,22,40,436,482,0,200,535,442,0,235,416,0,0,195,4,155,46,0,1072,2,183,48,287,690,76,502,22,336,1787,75,23,650,290,47,0,6,0,2011-08-22
2011,"35",0,0,155,275,969,0,213,85,139,815,312,0,0,19,192,12,21,207,46,0,349,466,420,0,0,164,32,0,222,9,0,78,0,1175,0,184,436,244,717,89,458,17,308,1830,20,22,648,314,104,0,0,122,2011-08-29
2011,"36",0,0,81,319,239,296,208,95,51,663,500,0,0,18,136,5,0,253,113,0,252,453,443,0,191,311,0,26,150,1,99,131,0,0,0,100,24,221,654,76,497,8,150,1656,0,26,705,272,65,71,0,66,2011-09-05
2011,"37",0,0,128,291,987,255,172,92,165,948,675,0,40,23,189,11,0,269,359,0,285,465,0,1,478,373,58,46,175,4,0,0,0,1228,0,180,152,279,752,80,571,17,271,1452,75,35,515,0,67,132,6,115,2011-09-12
2011,"38",0,0,181,308,1030,0,0,64,0,901,531,0,0,29,236,19,24,247,246,0,473,321,587,0,390,325,60,72,199,1,150,103,0,1108,0,172,0,305,751,0,520,0,288,2061,0,15,294,347,93,135,26,66,2011-09-19
2011,"39",594,0,0,287,778,569,0,91,0,1006,793,0,0,0,210,15,30,390,0,0,633,376,460,0,498,286,50,24,211,3,182,47,0,0,0,189,0,0,856,33,0,0,326,1882,0,0,769,0,0,154,0,180,2011-09-26
2011,"40",0,0,310,373,979,0,0,83,111,864,688,0,45,0,181,12,16,435,349,0,0,404,532,0,604,260,76,0,139,0,167,0,0,1356,6,202,132,317,770,0,603,6,275,0,0,62,815,404,51,154,26,69,2011-10-03
2011,"41",611,0,318,286,350,0,238,92,63,827,485,0,0,16,209,0,25,349,284,44,494,695,675,0,0,308,55,29,22,0,172,36,0,1458,0,198,0,0,733,80,927,26,261,0,0,37,700,672,100,122,0,100,2011-10-10
2011,"42",0,0,0,0,515,359,445,106,155,900,391,0,81,24,185,13,11,467,505,0,395,431,526,0,515,0,67,84,268,1,183,95,0,1282,0,174,111,0,840,0,796,24,211,2023,1,15,644,341,95,0,0,111,2011-10-17
2011,"43",439,0,0,330,1510,368,219,113,107,897,441,0,10,22,160,26,9,313,0,80,0,458,487,0,0,0,73,82,173,1,173,66,0,0,7,185,79,284,809,15,401,0,259,0,0,0,930,353,79,173,13,0,2011-10-24
2011,"44",0,0,422,262,448,0,0,116,94,717,184,0,0,21,282,6,38,470,335,98,515,481,383,0,23,87,64,161,200,0,169,47,0,1114,0,177,53,0,724,91,511,21,49,1,17,43,1144,295,77,174,0,63,2011-10-31
2011,"45",0,0,365,249,214,454,0,44,0,691,400,0,0,16,166,2,12,451,232,0,348,243,510,0,0,0,39,110,9,0,145,97,0,990,0,330,49,0,652,98,379,26,217,0,0,16,806,185,51,165,11,118,2011-11-07
2011,"46",0,0,0,323,270,699,169,134,74,928,803,0,116,24,0,14,2,232,200,0,0,0,684,0,35,0,56,122,0,3,177,81,0,1390,0,155,0,0,458,104,606,0,259,0,0,42,1590,0,56,190,15,130,2011-11-14
2011,"47",473,8,342,79,131,0,177,32,0,341,410,0,16,8,125,15,0,249,94,37,261,258,259,0,0,0,51,0,112,0,82,43,0,0,0,103,13,225,381,0,415,15,135,652,0,18,480,227,47,100,0,57,2011-11-21
2011,"48",0,55,447,404,935,418,310,108,124,990,845,0,0,29,226,9,33,454,488,62,0,628,532,0,430,201,66,54,192,2,144,67,0,603,5,159,103,264,725,49,669,13,305,0,12,44,596,296,117,0,7,74,2011-11-28
2011,"49",0,2,239,349,918,430,255,60,134,795,671,0,0,0,393,12,16,521,148,57,539,676,468,0,0,144,75,107,200,2,104,79,0,739,0,272,48,298,751,57,822,22,191,2140,13,0,673,407,54,147,0,103,2011-12-05
2011,"50",594,4,0,305,887,0,0,148,4,847,893,0,5,25,252,28,17,298,311,54,0,409,627,0,0,0,61,139,29,4,154,0,0,1288,2,169,99,204,808,137,626,32,242,0,51,53,917,367,81,156,23,0,2011-12-12
2011,"51",0,42,332,0,0,352,112,94,175,770,714,0,0,26,177,20,16,255,142,0,284,664,466,0,0,0,0,86,200,1,159,0,0,1418,0,176,0,250,574,0,0,25,232,0,26,36,810,285,82,86,0,0,2011-12-19
2011,"52",352,21,407,205,406,322,0,182,4,718,0,0,0,0,81,11,7,201,47,0,0,399,145,0,0,85,38,113,0,2,111,0,0,1002,3,105,0,0,596,58,1336,0,73,805,6,9,368,223,62,49,0,178,2011-12-26
2012,"01",0,71,409,0,283,0,0,28,130,618,543,0,0,19,147,10,0,98,113,0,0,0,300,0,0,0,0,0,0,0,93,0,0,1509,0,127,18,246,417,0,0,10,194,0,23,0,813,283,47,119,0,0,2012-01-02
2012,"02",0,39,594,0,624,394,0,68,124,793,659,0,0,23,117,7,0,242,0,0,0,0,509,0,0,0,0,0,25,0,156,0,0,1431,0,187,66,0,809,0,0,0,342,0,25,0,575,289,45,0,0,14,2012-01-09
2012,"03",0,62,430,0,511,405,0,81,18,907,709,0,0,25,163,9,2,219,522,0,118,359,487,0,0,0,55,72,39,0,116,0,0,915,1,172,149,223,870,79,0,28,123,1577,13,0,624,216,72,74,0,0,2012-01-16
2012,"04",468,53,287,0,699,0,0,68,190,1071,645,0,2,32,225,12,0,331,242,88,197,566,553,0,0,0,0,0,46,0,158,0,0,0,0,142,94,300,949,0,0,26,372,1583,14,0,688,351,136,197,19,239,2012-01-23
2012,"05",632,38,132,0,736,469,0,99,0,899,653,0,70,34,237,6,0,367,195,61,277,435,545,0,0,0,72,0,31,2,121,0,0,762,0,241,140,0,761,143,0,0,324,1246,6,44,856,407,144,144,11,256,2012-01-30
2012,"06",527,40,109,0,805,440,0,92,92,1038,742,0,104,36,273,1,0,386,270,73,134,452,520,0,0,0,74,0,45,5,0,125,0,722,0,238,54,0,861,99,0,9,328,0,1,50,734,404,0,179,0,66,2012-02-06
2012,"07",0,53,74,273,582,0,0,67,138,895,825,0,0,27,135,0,0,320,0,66,415,397,427,0,664,0,71,0,24,2,150,0,0,673,0,244,87,272,795,121,7,17,224,1199,0,19,683,360,64,120,0,197,2012-02-13
2012,"08",498,40,140,272,0,394,0,82,134,789,875,0,107,17,223,13,0,475,0,0,217,497,488,0,419,0,55,0,0,1,151,152,0,628,0,137,61,190,669,90,478,18,220,0,1,23,764,325,78,0,0,176,2012-02-20
2012,"09",570,60,88,353,550,555,0,94,136,811,742,0,103,28,187,15,0,346,0,53,278,230,456,0,312,0,89,58,192,0,167,144,0,812,0,161,79,332,831,150,502,21,225,0,1,66,885,399,107,190,0,0,2012-02-27
2012,"10",0,51,0,358,748,0,0,43,0,874,690,0,0,29,196,27,0,281,0,56,221,505,597,0,488,0,62,0,248,1,116,242,0,833,0,228,112,0,578,16,666,0,324,0,21,59,917,466,0,168,0,0,2012-03-05
2012,"11",0,54,150,279,673,0,63,79,0,800,821,0,0,0,201,0,0,260,0,44,542,531,369,0,457,0,62,94,216,1,157,142,0,1246,0,206,0,251,774,0,0,0,266,0,13,6,579,403,101,121,0,176,2012-03-12
2012,"12",0,22,140,0,592,376,36,80,129,866,781,0,74,0,209,0,0,424,310,0,746,406,455,0,288,0,75,84,177,2,142,101,0,805,0,210,0,318,832,25,523,18,327,1372,26,48,816,394,107,158,0,76,2012-03-19
2012,"13",0,49,156,304,435,419,16,63,110,974,862,3,112,34,186,0,0,397,311,70,398,383,477,0,0,0,0,0,233,2,156,162,0,785,0,157,0,230,872,88,597,20,243,654,0,20,598,348,72,177,0,33,2012-03-26
2012,"14",577,40,111,309,0,0,41,80,91,939,753,0,85,24,165,0,0,168,143,0,297,507,414,0,527,0,62,93,0,1,98,87,0,503,0,243,0,121,610,0,421,8,45,0,56,17,704,393,95,110,0,129,2012-04-02
2012,"15",0,34,113,370,0,352,55,65,124,981,850,7,87,0,190,0,0,410,314,0,326,591,522,0,0,0,74,47,0,0,150,49,0,730,0,192,305,248,900,138,725,0,249,1601,79,19,584,358,89,131,0,69,2012-04-09
2012,"16",0,30,99,350,0,0,23,55,129,959,755,0,0,43,212,0,0,386,878,0,339,420,535,0,437,0,71,0,0,0,158,112,0,916,4,236,0,233,896,157,548,6,182,1414,64,47,0,397,0,152,0,212,2012-04-16
2012,"17",0,26,70,342,704,351,54,48,0,1002,508,0,105,34,140,0,0,408,555,54,441,643,0,0,238,0,63,0,184,0,153,205,0,0,1,194,0,249,588,0,432,15,235,1782,76,26,0,764,74,163,0,289,2012-04-23
2012,"18",0,38,103,326,452,366,45,98,159,717,674,0,0,0,0,0,0,277,398,0,0,560,547,0,0,0,77,0,218,1,119,100,0,1122,3,246,0,242,896,82,593,0,213,0,61,42,819,408,79,148,0,0,2012-04-30
2012,"19",0,37,138,333,243,0,23,56,160,993,740,0,0,0,119,0,0,326,543,2,0,441,744,0,0,0,72,0,193,0,177,0,0,1286,0,267,0,265,856,88,0,24,313,1469,0,26,744,323,86,169,0,107,2012-05-07
2012,"20",0,56,117,289,308,399,51,120,0,933,669,0,0,20,224,0,0,217,364,65,385,439,544,5,0,0,86,0,170,2,179,0,0,1378,0,244,102,260,877,73,486,25,172,1690,31,18,818,382,73,122,0,112,2012-05-14
2012,"21",0,36,0,333,563,418,0,83,0,838,955,0,74,0,153,0,0,0,484,0,0,555,413,0,0,0,55,0,209,0,170,94,0,1159,0,190,0,0,836,103,0,0,230,0,27,27,0,349,70,112,0,0,2012-05-21
2012,"22",0,0,120,0,1315,0,11,37,142,687,589,0,0,0,188,0,0,159,242,0,0,333,309,0,0,0,0,0,128,2,120,97,0,612,0,161,0,237,715,0,567,0,207,0,25,71,523,281,61,87,0,115,2012-05-28
2012,"23",0,26,278,289,661,311,67,97,84,783,484,0,64,32,231,0,0,249,0,0,373,498,0,0,0,0,77,0,188,3,163,127,0,906,0,232,0,244,981,48,496,15,196,0,51,28,578,349,98,140,0,104,2012-06-04
2012,"24",0,37,311,291,0,0,0,0,106,847,598,0,0,0,0,0,0,255,0,82,199,511,0,1,355,0,53,74,194,0,104,110,0,0,0,249,0,264,844,84,0,9,312,0,39,0,0,329,0,129,0,106,2012-06-11
2012,"25",0,45,309,333,749,0,0,63,160,989,0,0,17,0,0,0,0,420,0,8,563,354,0,2,0,0,0,111,0,0,0,143,0,805,0,234,0,220,863,0,0,1,233,1501,0,28,455,0,0,0,0,0,2012-06-18
2012,"26",0,44,398,0,640,435,120,94,111,936,732,0,0,0,0,19,0,374,0,0,350,614,0,0,623,0,0,119,184,0,181,83,0,601,0,12,5,204,643,0,0,0,273,0,23,43,843,0,0,142,0,23,2012-06-25
2012,"27",0,28,318,289,582,217,48,58,0,540,343,0,0,16,159,3,0,333,261,58,0,374,342,2,378,0,48,0,146,2,97,90,0,733,0,0,4,152,708,8,0,0,142,80,27,45,659,262,79,62,0,0,2012-07-02
2012,"28",0,50,0,304,829,0,133,93,95,859,703,0,0,21,189,5,0,219,1592,61,322,455,0,0,333,0,52,98,213,7,173,122,0,0,0,406,4,217,877,58,470,0,355,0,39,47,770,325,94,0,0,109,2012-07-09
2012,"29",0,0,267,319,1277,0,141,34,26,940,549,0,0,44,188,31,23,237,0,0,0,584,541,2,681,0,49,99,189,50,164,66,0,714,9,376,4,262,809,0,0,0,300,1984,25,32,566,381,94,150,11,68,2012-07-16
2012,"30",0,44,373,326,0,0,33,58,201,939,1003,0,0,37,142,16,0,263,339,49,760,527,510,0,0,0,66,0,210,52,159,41,0,1000,9,190,2,236,888,43,0,0,276,0,10,25,730,370,92,136,0,0,2012-07-23
2012,"31",0,0,354,312,616,0,0,42,151,950,686,0,0,19,178,14,17,426,115,0,464,579,489,0,454,0,23,0,230,45,171,90,0,606,0,258,1,240,712,0,0,0,269,2207,17,27,620,376,89,0,0,0,2012-07-30
2012,"32",356,21,0,384,687,513,22,95,138,933,890,0,0,31,190,15,28,760,150,0,0,228,493,0,451,0,0,0,204,1,187,75,0,0,10,229,7,247,825,0,590,0,274,0,42,29,749,340,108,154,0,34,2012-08-06
2012,"33",0,23,255,300,730,416,0,57,139,958,842,0,59,44,202,28,57,550,204,0,571,748,585,0,0,0,83,0,210,44,198,55,0,886,4,285,0,0,971,87,0,0,262,1859,10,21,726,317,86,209,1,118,2012-08-13
2012,"34",0,42,397,395,913,0,82,66,141,1058,876,0,25,31,217,43,36,793,0,0,363,551,561,0,408,0,0,47,188,0,206,63,0,1000,11,248,10,217,1011,0,0,0,253,0,23,53,499,341,75,194,4,99,2012-08-20
2012,"35",0,42,284,333,714,0,52,55,151,970,647,0,0,26,151,13,0,375,0,0,347,534,449,2,375,0,62,0,190,41,197,24,0,631,2,202,23,248,875,0,0,0,267,0,0,28,876,405,89,239,0,0,2012-08-27
2012,"36",0,27,101,304,590,0,0,28,86,795,693,0,28,20,132,3,1,258,85,0,370,307,349,6,303,138,58,0,31,6,109,49,0,812,0,183,12,238,680,17,0,0,238,1727,12,33,511,297,85,178,12,176,2012-09-03
2012,"37",0,39,201,384,643,0,36,81,0,965,649,0,33,27,259,10,1,354,259,70,447,595,508,10,0,0,52,0,0,8,156,143,0,741,0,438,43,256,1137,0,918,32,266,2144,34,10,713,319,122,210,14,0,2012-09-10
2012,"38",0,35,236,351,0,0,0,131,0,1163,706,0,1,41,220,16,21,443,618,73,521,443,398,0,547,199,0,0,204,31,170,104,0,0,4,260,3,328,950,105,0,27,286,902,12,68,703,379,0,218,7,158,2012-09-17
2012,"39",0,54,191,337,887,0,119,92,171,880,795,0,0,35,167,35,14,276,565,64,1051,501,471,0,414,128,84,0,185,26,181,57,0,1331,7,257,2,303,918,139,579,21,186,2216,22,21,525,456,149,259,0,128,2012-09-24
2012,"40",0,32,158,341,873,0,0,87,61,999,616,0,0,25,188,45,3,445,0,0,382,430,438,2,0,212,0,0,194,12,170,0,0,1044,6,335,7,286,843,34,0,0,224,2146,0,37,893,315,91,257,0,117,2012-10-01
2012,"41",0,22,237,364,691,497,0,63,94,1075,523,0,0,40,96,21,44,353,0,0,447,402,559,0,0,149,37,0,191,22,167,89,0,0,4,225,3,276,852,69,469,0,193,0,26,85,548,317,63,259,8,36,2012-10-08
2012,"42",0,0,226,369,925,390,0,66,92,832,467,0,3,34,209,22,30,315,484,0,0,585,454,0,344,246,0,0,167,28,189,55,0,1062,6,262,0,279,869,156,650,0,301,0,29,30,849,310,109,241,6,75,2012-10-15
2012,"43",0,41,206,0,956,426,0,143,139,1032,717,0,3,25,256,17,1,341,213,76,0,506,451,0,560,220,53,0,128,27,0,101,0,0,5,271,2,288,0,0,0,24,247,2032,17,45,0,376,0,238,0,7,2012-10-22
2012,"44",0,37,161,250,858,356,53,79,0,826,518,0,1,31,225,8,7,283,398,0,205,382,454,3,247,203,0,0,310,36,26,91,0,932,3,212,2,194,931,28,0,0,255,1795,33,0,569,397,0,251,0,170,2012-10-29
2012,"45",0,13,0,376,877,428,0,100,0,894,468,0,1,39,193,18,0,453,135,0,367,339,485,7,0,163,17,0,175,1,156,109,0,0,5,320,4,237,875,0,470,7,239,0,4,1,698,382,69,242,0,78,2012-11-05
2012,"46",591,34,144,0,1362,406,0,133,0,708,826,0,0,40,0,8,16,384,0,0,0,424,484,0,475,0,0,0,0,8,0,168,0,1214,0,217,4,260,828,0,0,0,234,0,5,1,631,295,59,0,11,215,2012-11-12
2012,"47",69,30,93,0,418,276,24,138,94,503,400,0,0,8,69,0,4,157,21,0,168,596,319,0,0,60,36,0,122,0,95,128,0,103,1,175,7,224,695,21,298,15,212,0,9,0,450,276,93,126,0,117,2012-11-19
2012,"48",0,53,149,383,798,358,0,83,0,884,762,0,0,41,251,8,1,419,231,66,191,256,0,0,294,269,30,67,0,0,187,181,0,0,1,290,3,178,795,0,0,27,223,2276,9,0,706,313,108,219,16,308,2012-11-26
2012,"49",0,18,114,250,0,289,89,116,0,803,749,0,41,39,182,9,6,388,225,0,348,608,621,0,485,274,58,0,0,0,159,141,0,742,4,273,1,195,945,88,503,30,232,0,11,30,657,354,91,262,14,95,2012-12-03
2012,"50",0,45,0,381,0,541,0,147,60,895,730,0,3,37,255,24,0,0,180,0,329,474,452,0,462,133,42,0,200,0,148,76,0,0,2,243,2,213,791,0,0,11,277,720,12,13,513,327,97,275,0,176,2012-12-10
2012,"51",0,26,119,0,437,419,0,131,0,829,782,0,0,46,204,8,0,269,0,0,0,478,425,0,0,0,0,0,0,26,197,0,0,486,0,292,0,0,849,99,0,0,242,0,2,17,0,0,0,0,0,0,2012-12-17
2012,"52",0,7,0,72,592,333,9,322,0,385,349,0,0,8,77,4,0,0,0,0,0,345,203,4,0,0,0,0,0,0,57,0,0,0,0,46,6,115,611,65,0,0,54,0,1,0,0,0,0,177,0,0,2012-12-24
2013,"01",0,38,0,318,52,346,0,137,97,664,380,0,85,21,129,10,0,202,175,0,219,311,180,0,0,72,27,95,0,20,88,179,0,0,0,103,9,132,465,0,367,0,0,0,0,12,505,243,70,90,1,0,2013-01-07
2013,"02",0,49,0,270,240,407,0,132,0,965,687,0,30,35,225,13,74,170,317,0,0,545,355,0,299,184,58,115,194,20,186,147,0,0,0,271,0,193,981,77,0,0,0,1973,9,42,888,324,93,0,15,25,2013-01-14
2013,"03",0,26,207,332,1428,337,93,150,0,939,922,0,19,40,175,12,16,371,209,0,178,580,507,0,374,154,56,0,212,0,217,255,0,1511,1,359,264,199,980,0,0,19,0,1465,9,64,0,362,74,306,0,0,2013-01-21
2013,"04",0,24,0,262,1069,318,30,189,0,952,776,0,129,31,159,6,39,242,444,0,235,334,579,0,274,55,54,0,182,4,169,234,0,790,1,225,192,292,866,118,569,29,0,1614,33,97,594,351,86,260,0,62,2013-01-28
2013,"05",0,27,0,355,1430,344,238,137,0,1026,301,0,101,0,240,10,0,340,258,0,254,558,466,0,507,203,69,101,260,7,122,265,0,0,3,290,216,277,1261,52,604,31,0,0,17,0,615,348,89,280,0,119,2013-02-04
2013,"06",0,33,0,359,0,408,0,91,0,843,809,0,142,0,270,4,12,588,233,0,252,325,444,0,0,0,0,81,242,24,144,278,0,551,6,285,293,214,904,0,713,20,18,0,4,0,938,416,130,252,0,0,2013-02-11
2013,"07",0,44,0,0,1002,363,68,119,0,816,660,0,0,0,212,7,73,406,126,0,0,460,565,0,524,0,46,0,33,1,168,251,0,773,0,346,261,262,868,161,0,12,0,0,0,43,793,359,97,271,11,115,2013-02-18
2013,"08",0,38,0,0,1048,381,0,31,0,956,748,0,0,0,186,18,0,327,0,37,285,357,480,0,0,75,57,12,193,0,168,173,0,0,1,312,188,285,852,0,0,24,201,0,2,2,510,338,65,244,0,176,2013-02-25
2013,"09",0,40,0,363,1219,405,11,142,0,895,706,0,109,31,307,7,22,293,528,0,0,494,379,0,0,104,73,0,29,0,171,166,0,1176,4,295,296,298,943,0,0,28,287,0,10,56,629,376,108,242,0,108,2013-03-04
2013,"10",317,0,0,0,1129,303,291,84,0,935,720,0,0,21,181,8,33,390,793,0,332,569,384,7,0,126,53,0,183,2,164,229,0,1038,0,335,209,289,972,71,567,24,41,0,24,15,666,393,110,257,7,99,2013-03-11
2013,"11",0,0,0,351,918,565,230,103,0,856,760,0,196,39,204,10,45,388,181,0,288,398,274,1,61,202,72,0,34,1,209,0,0,1258,0,283,257,238,827,99,0,20,231,0,14,0,899,357,123,210,0,154,2013-03-18
2013,"12",597,23,0,341,1040,323,0,91,0,909,745,0,95,64,232,21,32,237,254,0,0,404,544,0,292,249,50,9,116,2,194,125,0,752,5,282,246,251,597,0,0,0,245,2574,28,7,851,303,90,270,4,122,2013-03-25
2013,"13",0,43,0,295,904,363,145,83,0,888,663,0,106,39,219,12,29,393,154,0,0,501,399,0,540,241,69,0,0,2,180,95,0,0,0,410,214,366,947,114,0,14,107,0,13,0,639,431,97,213,10,14,2013-04-01
2013,"14",0,0,0,335,870,394,171,88,98,909,957,0,0,40,225,16,15,275,0,0,290,562,440,5,337,213,0,0,177,6,165,132,0,0,1,202,218,209,673,76,0,25,180,0,5,10,605,365,58,268,10,150,2013-04-08
2013,"15",0,58,0,325,744,346,0,108,70,959,893,0,88,33,190,13,31,409,404,28,0,387,386,0,0,233,44,0,198,21,153,103,0,0,2,259,268,273,887,0,591,13,178,0,9,13,776,336,90,309,0,178,2013-04-15
2013,"16",411,47,0,249,1027,355,0,69,0,966,760,0,90,22,208,19,32,268,546,0,0,0,587,7,360,194,36,0,169,5,187,138,0,0,1,350,313,283,883,99,483,18,213,0,17,17,437,350,114,292,0,172,2013-04-22
2013,"17",0,37,0,372,885,419,85,69,50,967,707,13,0,40,216,8,41,336,427,0,0,571,417,7,366,0,69,19,0,3,177,105,0,0,1,281,360,261,955,67,548,29,248,0,37,7,739,372,120,283,6,77,2013-04-29
2013,"18",0,26,0,329,892,439,0,96,0,825,765,0,0,36,185,8,6,371,295,0,0,383,387,5,293,0,44,0,301,2,180,132,0,237,0,314,37,331,1020,72,500,36,157,0,65,12,479,308,0,258,0,0,2013-05-06
2013,"19",0,29,0,326,1112,482,140,68,71,899,700,0,0,39,194,15,6,305,167,0,0,323,359,0,513,18,56,0,237,0,208,88,0,807,0,306,64,294,464,72,0,19,263,2140,47,0,945,357,114,255,0,127,2013-05-13
2013,"20",0,30,305,339,1078,570,0,85,88,921,810,1,0,35,149,22,11,382,0,0,0,615,437,0,343,82,53,0,216,5,198,94,0,949,0,319,50,466,916,0,589,0,197,0,66,7,645,314,89,286,0,154,2013-05-20
2013,"21",0,30,0,217,1020,416,0,103,89,728,787,0,0,35,77,15,0,345,174,0,285,383,491,0,356,66,60,0,201,10,181,89,0,703,0,296,52,285,814,79,0,7,216,0,33,0,639,335,70,252,0,91,2013-05-27
2013,"22",0,15,0,280,903,268,138,96,103,677,604,0,0,17,186,2,18,232,218,0,0,445,318,0,286,15,0,0,159,0,101,95,0,0,3,171,35,0,663,79,0,0,153,1511,20,13,604,300,77,187,0,185,2013-06-03
2013,"23",376,62,514,323,776,363,212,116,0,940,707,0,0,31,222,9,16,315,247,34,172,453,450,0,149,85,82,98,222,1,182,108,0,1071,1,307,49,270,796,91,574,0,73,2012,31,0,621,346,116,253,0,110,2013-06-10
2013,"24",708,20,379,308,462,288,199,85,128,833,669,0,28,61,190,5,0,270,513,0,383,655,437,0,144,0,63,0,226,0,179,124,0,1124,2,246,38,298,858,50,495,24,180,0,16,0,434,319,86,271,4,70,2013-06-17
2013,"25",701,19,453,356,1207,360,0,92,0,835,619,2,0,34,229,9,11,459,258,0,0,688,0,0,0,90,52,0,221,0,104,129,0,1103,4,332,56,273,902,0,410,32,223,1772,73,0,564,396,96,250,0,95,2013-06-24
2013,"26",0,37,0,304,1290,209,0,49,79,896,854,0,25,0,0,14,0,298,0,0,702,532,534,0,0,0,0,0,172,0,0,83,0,0,0,264,48,294,948,60,0,0,149,0,0,3,627,343,0,281,0,0,2013-07-01
2013,"27",328,40,465,209,1800,315,0,50,51,516,643,3,41,15,120,2,2,223,172,0,0,367,304,0,0,68,49,0,207,0,101,0,0,650,0,193,28,158,648,0,0,4,166,1543,34,4,360,240,59,178,0,31,2013-07-08
2013,"28",528,38,0,295,1083,335,70,89,0,903,815,9,50,48,156,28,62,273,0,0,512,0,286,0,196,148,49,0,0,0,0,111,0,1180,2,275,49,282,958,80,701,16,208,0,24,9,874,0,100,304,0,93,2013-07-15
2013,"29",624,26,296,289,1309,350,0,47,61,1002,894,11,79,0,178,45,6,386,212,0,313,622,492,0,225,152,66,0,143,2,183,121,0,1051,11,329,60,198,958,86,270,9,151,385,20,5,583,706,83,315,0,111,2013-07-22
2013,"30",0,31,0,310,1311,504,0,84,105,0,839,0,73,25,227,12,20,317,514,0,0,442,318,0,551,120,74,64,0,0,0,54,0,1004,4,288,56,325,976,0,770,13,173,0,11,6,525,307,86,282,0,66,2013-07-29
2013,"31",0,40,0,0,1402,372,0,80,69,0,923,8,86,47,246,0,0,253,301,0,549,519,364,12,0,197,66,88,201,16,188,116,0,0,5,215,11,280,809,81,463,30,372,0,54,2,695,348,99,174,0,0,2013-08-05
2013,"32",0,32,428,0,1138,384,0,176,58,0,940,0,81,33,183,1,39,406,238,0,0,308,445,0,0,157,59,98,0,10,145,113,0,798,2,305,70,213,1041,0,0,13,0,1,79,0,521,373,0,115,0,0,2013-08-12
2013,"33",0,0,441,0,1186,408,0,80,73,0,977,0,75,33,186,23,48,372,315,0,282,714,410,0,0,191,2,87,218,37,200,141,0,1299,1,359,64,260,794,41,0,23,248,2396,50,2,546,364,0,99,0,0,2013-08-19
2013,"34",0,0,430,0,1072,450,11,63,74,0,959,3,102,0,217,22,0,327,204,0,411,538,354,0,0,183,38,63,218,46,170,158,0,629,0,347,0,286,801,0,533,25,253,0,80,23,0,410,0,97,0,170,2013-08-26
2013,"35",0,48,470,243,932,390,0,60,0,923,1038,0,94,40,141,14,3,296,188,0,0,559,476,0,0,108,75,96,205,18,216,135,0,504,1,406,56,0,952,107,457,3,253,0,71,10,0,296,115,99,0,172,2013-09-02
2013,"36",0,20,347,0,459,0,67,200,0,942,759,0,58,0,156,0,29,0,86,0,0,364,0,0,0,53,0,0,163,24,134,80,0,364,3,246,36,174,655,91,586,23,0,1499,109,0,257,320,92,80,0,17,2013-09-09
2013,"37",0,35,425,286,860,424,119,124,0,695,844,0,88,43,246,18,44,229,79,0,0,504,457,0,285,114,58,0,264,45,216,123,0,642,5,477,15,311,811,0,483,20,249,1871,80,6,814,338,76,115,9,171,2013-09-16
2013,"38",0,28,376,326,1044,521,99,66,171,948,861,0,100,44,195,18,17,326,77,0,454,466,377,0,0,107,76,0,217,16,207,114,0,947,2,274,0,278,841,0,563,24,308,2163,73,0,665,316,105,88,5,203,2013-09-23
2013,"39",513,37,0,288,0,460,104,91,152,954,1140,0,76,27,199,27,48,473,116,75,0,457,210,0,114,153,35,2,232,47,0,110,0,1110,0,344,43,252,944,102,560,7,218,0,99,0,670,393,73,98,8,157,2013-09-30
2013,"40",0,21,378,338,1233,454,124,116,0,937,982,3,79,27,259,12,48,0,168,0,0,529,340,0,30,123,67,1,197,7,150,0,0,429,0,425,42,294,999,112,643,13,265,1968,78,0,617,0,105,125,10,0,2013-10-07
2013,"41",0,27,490,290,0,0,68,98,0,911,915,0,108,27,146,36,0,417,233,69,0,689,308,0,408,114,1,0,0,0,220,100,0,1366,0,404,39,276,884,0,314,24,213,0,76,22,259,392,125,96,4,0,2013-10-14
2013,"42",607,47,0,281,1214,332,150,79,58,994,834,4,49,34,202,26,17,384,161,0,183,310,566,0,0,83,59,2,210,1,210,116,0,1103,3,270,53,164,890,66,604,20,251,0,74,17,924,353,120,109,11,167,2013-10-21
2013,"43",0,25,499,272,1591,164,77,62,73,951,873,0,85,0,204,14,71,398,105,0,358,443,507,0,0,94,62,0,147,0,187,186,0,928,3,337,50,290,867,0,473,19,250,2110,118,11,562,420,119,103,3,123,2013-10-28
2013,"44",0,29,0,275,1220,321,107,126,41,850,1051,0,119,36,196,34,23,385,149,82,522,475,313,20,614,134,59,0,298,1,189,143,0,735,2,296,49,265,783,100,599,0,196,1987,0,9,775,341,105,101,0,64,2013-11-04
2013,"45",0,61,0,204,1417,344,45,89,115,0,919,0,86,33,113,15,31,0,245,0,0,430,465,18,0,124,44,1,166,0,167,151,0,966,4,351,49,212,903,0,0,23,216,0,68,0,647,364,83,103,0,270,2013-11-11
2013,"46",0,36,428,315,1166,319,72,89,0,755,743,3,96,31,286,15,0,362,171,0,336,0,505,0,180,35,84,0,165,0,178,125,0,0,4,277,38,220,869,87,568,0,105,1679,62,0,828,257,100,92,0,68,2013-11-18
2013,"47",0,42,0,300,1258,188,88,85,83,0,887,0,92,56,194,20,7,404,129,0,0,404,0,11,0,138,0,0,0,0,178,183,0,749,0,0,45,333,957,0,0,0,221,0,100,32,0,411,0,290,0,0,2013-11-25
2013,"48",0,9,0,187,629,256,112,82,89,375,821,1,82,5,161,4,0,214,69,0,0,398,314,0,0,64,43,0,0,0,99,104,0,554,5,177,20,206,639,110,239,0,91,395,49,8,0,0,55,140,0,56,2013-12-02
2013,"49",0,33,0,278,1322,282,108,89,71,984,516,0,70,37,242,27,26,327,194,0,251,260,511,12,312,159,58,0,136,1,174,204,0,599,7,271,24,267,725,0,668,0,188,0,86,18,0,352,105,282,10,91,2013-12-09
2013,"50",0,37,591,0,1172,311,0,110,90,1022,850,0,91,39,213,16,68,199,178,0,0,485,638,0,250,135,66,0,178,0,145,102,0,1318,0,286,37,263,825,73,471,38,97,2072,111,69,0,337,55,247,11,188,2013-12-16
2013,"51",0,29,0,0,1305,297,25,145,0,867,943,1,109,33,0,29,35,382,94,0,0,438,0,0,0,130,1,0,11,0,0,163,0,857,0,242,53,334,808,116,0,0,254,1785,61,0,0,365,47,297,11,0,2013-12-23
2013,"52",0,10,0,0,752,245,0,220,0,581,494,0,83,12,0,1,25,0,13,0,0,314,163,9,0,41,0,4,175,0,0,44,0,106,0,98,10,0,576,0,0,0,0,0,0,2,0,205,0,163,2,0,2013-12-30
2014,"01",0,30,0,172,435,288,8,24,0,726,342,0,49,14,157,5,0,147,77,0,71,230,131,0,315,47,41,0,131,0,4,68,0,898,0,54,26,199,579,75,929,20,124,1346,48,2,594,236,42,149,0,0,2014-01-06
2014,"02",361,38,0,190,1315,276,0,56,0,880,970,2,82,0,80,22,22,297,88,0,118,318,344,0,0,158,72,0,189,2,0,146,0,1141,4,241,67,301,864,0,0,38,255,1331,106,19,56,378,74,259,0,0,2014-01-13
2014,"03",0,0,0,0,1228,337,0,42,0,946,1010,0,91,0,165,6,0,278,87,0,0,390,431,0,268,157,46,0,176,2,232,175,0,0,4,376,0,299,1099,88,449,31,202,0,40,30,259,380,0,232,0,122,2014-01-20
2014,"04",0,0,0,0,855,395,0,38,0,857,397,0,83,0,118,36,61,216,0,0,0,0,452,0,0,104,68,102,57,0,126,106,0,926,8,312,29,223,897,0,0,34,237,0,78,0,158,334,9,249,0,57,2014-01-27
2014,"05",0,49,0,0,1047,514,111,65,0,994,348,3,102,33,216,23,21,407,17,0,319,460,453,0,294,122,80,111,0,2,218,152,0,616,8,345,51,0,1000,0,378,29,207,0,99,13,717,413,37,267,0,0,2014-02-03
2014,"06",0,25,0,421,1221,387,0,54,0,994,999,9,36,29,254,67,21,260,70,57,0,428,501,3,0,121,0,76,248,2,127,92,0,1384,8,356,34,249,902,43,0,32,302,0,97,0,688,425,102,254,0,0,2014-02-10
2014,"07",0,76,0,347,1004,349,76,85,0,936,741,0,0,25,236,21,0,328,0,82,138,324,392,0,636,98,56,151,0,0,134,0,0,689,7,478,47,314,738,0,161,29,196,0,61,39,628,369,49,240,0,0,2014-02-17
2014,"08",0,42,0,263,0,199,0,48,0,826,246,1,0,19,179,22,0,418,64,41,367,392,333,0,369,64,35,1,0,0,145,104,0,684,6,436,33,257,839,80,552,25,162,1819,77,7,752,335,87,277,9,0,2014-02-24
2014,"09",0,28,0,0,1355,252,122,139,0,979,1485,7,0,39,277,21,5,0,0,101,0,367,383,6,375,99,52,118,0,1,216,95,0,889,5,347,16,316,797,0,542,37,195,0,99,41,1265,339,51,246,0,211,2014-03-03
2014,"10",490,23,0,225,1339,393,0,141,0,1012,1116,4,0,32,156,15,1,314,0,0,424,478,338,0,309,89,78,107,1,0,160,200,0,797,6,332,0,206,819,0,586,2,123,2020,97,11,695,390,35,237,0,0,2014-03-10
2014,"11",0,28,0,407,1200,249,3,135,0,915,764,6,0,36,265,50,89,398,1,106,374,473,369,0,0,92,79,130,0,0,183,0,0,1667,13,342,0,327,878,135,540,4,171,1975,111,0,948,306,100,247,6,0,2014-03-17
2014,"12",0,40,0,377,1460,409,116,59,0,913,1141,1,33,39,175,19,0,302,91,27,0,437,458,0,436,105,69,59,0,0,228,0,0,0,15,358,0,305,780,0,425,10,196,0,94,0,714,323,0,278,0,105,2014-03-24
2014,"13",0,32,0,268,1674,213,190,94,0,1074,915,1,0,38,126,9,0,380,108,70,0,0,359,15,447,0,73,120,0,1,217,146,0,1809,7,264,0,305,871,114,0,30,262,0,100,12,1146,375,37,305,0,91,2014-03-31
2014,"14",341,36,0,230,1665,293,140,73,0,963,961,0,0,48,235,15,89,368,0,0,398,493,395,0,0,125,1,58,0,0,200,190,0,1239,8,305,0,231,720,0,0,22,185,2038,90,1,777,344,77,293,0,0,2014-04-07
2014,"15",0,36,0,360,1301,0,0,50,0,0,974,0,0,50,186,0,0,0,44,0,0,0,0,0,238,127,53,118,9,3,162,0,0,1290,0,361,0,262,398,59,476,0,278,1913,108,0,0,0,0,0,0,0,2014-04-14
2014,"16",734,29,457,383,1348,347,30,53,0,939,998,0,80,18,202,20,0,275,64,0,0,365,401,0,0,138,52,177,0,0,143,73,0,569,6,363,0,387,682,80,523,8,144,0,100,20,721,335,42,240,7,93,2014-04-21
2014,"17",0,24,0,358,0,269,0,109,0,972,997,0,86,34,261,14,57,318,0,22,451,277,413,0,454,167,0,0,0,0,0,0,0,774,0,313,0,352,0,0,494,0,277,2028,0,30,0,396,107,263,13,0,2014-04-28
2014,"18",565,25,338,63,1359,397,171,135,0,1004,980,1,0,46,259,49,0,246,0,0,0,296,490,16,292,86,80,143,69,0,219,133,0,755,10,338,0,343,703,0,486,0,267,0,92,29,792,309,78,267,0,0,2014-05-05
2014,"19",0,33,0,0,1267,223,98,60,0,1050,971,17,0,44,162,18,0,246,33,0,252,375,422,11,348,140,59,79,0,6,203,122,0,945,8,280,0,242,795,0,0,0,160,43,86,12,517,362,0,204,0,118,2014-05-12
2014,"20",0,40,565,368,1093,569,101,71,0,858,991,0,0,25,133,28,0,286,79,0,418,407,470,17,253,0,1,88,0,3,210,126,0,806,11,303,51,373,723,0,595,0,173,1546,80,0,657,354,0,240,0,191,2014-05-19
2014,"21",0,37,0,225,1113,0,92,51,0,1000,936,0,0,57,130,17,18,253,101,0,0,368,386,0,0,0,56,117,0,2,179,162,0,733,0,332,48,272,708,0,0,0,150,0,80,0,949,383,30,231,0,83,2014-05-26
2014,"22",509,1,0,298,1131,110,165,42,0,802,735,0,0,36,123,11,23,216,88,31,289,305,371,0,0,121,0,0,0,0,129,74,0,624,8,139,17,252,917,0,645,0,130,1170,70,0,768,328,51,195,8,60,2014-06-02
2014,"23",0,21,463,239,1367,302,82,44,0,910,895,0,0,34,260,35,49,0,84,0,447,401,375,0,0,0,0,150,63,0,246,103,0,704,11,289,57,315,1069,128,535,0,204,0,85,0,751,398,93,283,0,46,2014-06-09
2014,"24",0,3,0,396,1355,476,97,67,0,1061,1056,0,0,44,256,13,41,186,154,0,360,77,435,0,0,139,63,116,23,2,137,89,0,1054,13,0,47,246,686,0,590,0,160,0,0,13,688,368,72,245,0,0,2014-06-16
2014,"25",0,34,486,382,1407,421,231,141,0,1186,408,16,0,47,132,1,0,0,137,0,505,464,566,0,0,160,47,77,0,0,190,124,0,1074,0,329,55,333,1043,0,629,0,215,0,79,14,690,0,67,260,0,61,2014-06-23
2014,"26",0,45,258,322,1354,420,87,76,0,1077,165,0,0,46,277,27,39,398,0,0,383,351,471,0,0,0,47,101,0,1,186,111,0,0,0,257,75,301,788,72,461,0,218,189,58,3,684,0,62,297,0,56,2014-06-30
2014,"27",0,0,0,240,1017,255,0,38,0,776,125,0,0,23,228,27,25,268,0,0,269,206,207,0,0,107,41,61,0,0,144,102,0,553,5,228,24,177,417,0,476,0,115,0,0,20,554,324,0,158,0,95,2014-07-07
2014,"28",0,26,495,262,1495,319,45,138,0,1077,469,7,0,0,290,26,0,419,0,0,399,315,443,0,0,55,2,164,58,0,152,103,0,0,5,302,59,283,837,0,642,0,152,0,60,10,706,315,74,241,0,0,2014-07-14
2014,"29",0,25,486,306,1574,434,0,117,0,1083,1269,0,0,36,154,26,43,391,0,0,0,292,393,0,0,151,55,120,0,0,190,124,0,1409,0,385,58,294,574,0,534,0,186,0,0,8,646,310,86,289,0,0,2014-07-21
2014,"30",0,38,0,0,0,129,53,89,0,1079,1066,5,0,32,217,17,44,350,0,0,0,44,422,24,0,153,71,115,0,4,159,141,0,1015,7,299,62,224,958,77,0,0,248,1982,25,29,768,388,79,258,0,0,2014-07-28
2014,"31",634,0,0,316,1577,217,0,134,0,1186,0,0,0,43,206,59,68,364,0,0,415,0,416,0,0,181,56,97,0,4,0,130,0,0,9,273,73,295,852,0,864,0,215,2252,42,25,642,406,76,293,11,0,2014-08-04
